ID Oddziału;Nazwa Oddziału;Typ Oddziału;Szpital (Nazwa);Miasto;ID Szpitala;Liczba Lekarzy na Oddziale;Data Utworzenia
dept_10_1;Oddział Chirurgii Ogólnej;Zabiegowy;1 WOJSKOWY SZPITAL KLINICZNY Z POLIKLINIKĄ SAMODZIELNY PUBLICZNY ZAKŁAD OPIEKI ZDROWOTNEJ W LUBLINIE;Lublin;hosp_10;0;2026-04-26T06:29:54.461Z
dept_10_2;Oddział Neurochirurgiczny;Zabiegowy;1 WOJSKOWY SZPITAL KLINICZNY Z POLIKLINIKĄ SAMODZIELNY PUBLICZNY ZAKŁAD OPIEKI ZDROWOTNEJ W LUBLINIE;Lublin;hosp_10;0;2026-04-26T06:29:54.461Z
dept_10_3;Oddział Urologiczny;Zabiegowy;1 WOJSKOWY SZPITAL KLINICZNY Z POLIKLINIKĄ SAMODZIELNY PUBLICZNY ZAKŁAD OPIEKI ZDROWOTNEJ W LUBLINIE;Lublin;hosp_10;0;2026-04-26T06:29:54.461Z
dept_10_4;Blok operacyjny;Zabiegowy;1 WOJSKOWY SZPITAL KLINICZNY Z POLIKLINIKĄ SAMODZIELNY PUBLICZNY ZAKŁAD OPIEKI ZDROWOTNEJ W LUBLINIE;Lublin;hosp_10;0;2026-04-26T06:29:54.461Z
dept_10_5;Sterylizatornia;Zabiegowy;1 WOJSKOWY SZPITAL KLINICZNY Z POLIKLINIKĄ SAMODZIELNY PUBLICZNY ZAKŁAD OPIEKI ZDROWOTNEJ W LUBLINIE;Lublin;hosp_10;0;2026-04-26T06:29:54.461Z
dept_11_1;I Oddział Chirurgii Onkologicznej;Zabiegowy;CENTRUM ONKOLOGII ZIEMI LUBELSKIEJ IM. ŚW. JANA Z DUKLI;Lublin;hosp_11;0;2026-04-25T06:29:54.461Z
dept_11_2;II Oddział Chirurgii Onkologicznej Przewodu Pokarmowego;Zabiegowy;CENTRUM ONKOLOGII ZIEMI LUBELSKIEJ IM. ŚW. JANA Z DUKLI;Lublin;hosp_11;0;2026-04-25T06:29:54.461Z
dept_11_3;Oddział Chirurgii Plastycznej;Zabiegowy;CENTRUM ONKOLOGII ZIEMI LUBELSKIEJ IM. ŚW. JANA Z DUKLI;Lublin;hosp_11;0;2026-04-25T06:29:54.461Z
dept_11_4;Oddział Urologiczny;Zabiegowy;CENTRUM ONKOLOGII ZIEMI LUBELSKIEJ IM. ŚW. JANA Z DUKLI;Lublin;hosp_11;0;2026-04-25T06:29:54.461Z
dept_11_5;Blok operacyjny;Zabiegowy;CENTRUM ONKOLOGII ZIEMI LUBELSKIEJ IM. ŚW. JANA Z DUKLI;Lublin;hosp_11;0;2026-04-25T06:29:54.461Z
dept_11_6;Sterylizatornia;Zabiegowy;CENTRUM ONKOLOGII ZIEMI LUBELSKIEJ IM. ŚW. JANA Z DUKLI;Lublin;hosp_11;0;2026-04-25T06:29:54.461Z
dept_12_1;Oddział Chirurgii Ogólnej z Pododdziałem Urazowo-Ortopedycznym;Zabiegowy;SAMODZIELNY PUBLICZNY ZAKŁAD OPIEKI ZDROWOTNEJ MINISTERSTWA SPRAW WEWNĘTRZNYCH I ADMINISTRACJI W LUBLINIE;Lublin;hosp_12;0;2026-04-24T06:29:54.461Z
dept_12_2;Blok operacyjny;Zabiegowy;SAMODZIELNY PUBLICZNY ZAKŁAD OPIEKI ZDROWOTNEJ MINISTERSTWA SPRAW WEWNĘTRZNYCH I ADMINISTRACJI W LUBLINIE;Lublin;hosp_12;0;2026-04-24T06:29:54.461Z
dept_12_3;Sterylizatornia;Zabiegowy;SAMODZIELNY PUBLICZNY ZAKŁAD OPIEKI ZDROWOTNEJ MINISTERSTWA SPRAW WEWNĘTRZNYCH I ADMINISTRACJI W LUBLINIE;Lublin;hosp_12;0;2026-04-24T06:29:54.461Z
dept_13_1;Oddział Chirurgii i Traumatologii Dziecięcej;Zabiegowy;UNIWERSYTECKI SZPITAL DZIECIĘCY W LUBLINIE;Lublin;hosp_13;0;2026-04-23T06:29:54.461Z
dept_13_2;Blok operacyjny;Zabiegowy;UNIWERSYTECKI SZPITAL DZIECIĘCY W LUBLINIE;Lublin;hosp_13;0;2026-04-23T06:29:54.461Z
dept_13_3;Sterylizatornia;Zabiegowy;UNIWERSYTECKI SZPITAL DZIECIĘCY W LUBLINIE;Lublin;hosp_13;0;2026-04-23T06:29:54.461Z
dept_14_1;Oddział Chirurgii Naczyniowej i Angiologii;Zabiegowy;UNIWERSYTECKI SZPITAL KLINICZNY NR 1 W LUBLINIE;Lublin;hosp_14;0;2026-04-22T06:29:54.461Z
dept_14_2;Oddział Chirurgii Ogólnej, Gastroenterologicznej i Nowotworów Przewodu Pokarmowego;Zabiegowy;UNIWERSYTECKI SZPITAL KLINICZNY NR 1 W LUBLINIE;Lublin;hosp_14;0;2026-04-22T06:29:54.461Z
dept_14_3;Oddział Chirurgii Onkologicznej;Zabiegowy;UNIWERSYTECKI SZPITAL KLINICZNY NR 1 W LUBLINIE;Lublin;hosp_14;0;2026-04-22T06:29:54.461Z
dept_14_4;Oddział Chirurgii Piersi;Zabiegowy;UNIWERSYTECKI SZPITAL KLINICZNY NR 1 W LUBLINIE;Lublin;hosp_14;0;2026-04-22T06:29:54.461Z
dept_14_5;Oddział Traumatologii;Zabiegowy;UNIWERSYTECKI SZPITAL KLINICZNY NR 1 W LUBLINIE;Lublin;hosp_14;0;2026-04-22T06:29:54.461Z
dept_14_6;Blok operacyjny;Zabiegowy;UNIWERSYTECKI SZPITAL KLINICZNY NR 1 W LUBLINIE;Lublin;hosp_14;0;2026-04-22T06:29:54.461Z
dept_14_7;Sterylizatornia;Zabiegowy;UNIWERSYTECKI SZPITAL KLINICZNY NR 1 W LUBLINIE;Lublin;hosp_14;0;2026-04-22T06:29:54.461Z
dept_15_1;Kliniczny Oddział Chirurgii Klatki Piersiowej;Zabiegowy;UNIWERSYTECKI SZPITAL KLINICZNY NR 4 W LUBLINIE;Lublin;hosp_15;0;2026-04-21T06:29:54.461Z
dept_15_10;Sterylizatornia;Zabiegowy;UNIWERSYTECKI SZPITAL KLINICZNY NR 4 W LUBLINIE;Lublin;hosp_15;0;2026-04-21T06:29:54.461Z
dept_15_2;Kliniczny Oddział Chirurgii Naczyniowej;Zabiegowy;UNIWERSYTECKI SZPITAL KLINICZNY NR 4 W LUBLINIE;Lublin;hosp_15;0;2026-04-21T06:29:54.461Z
dept_15_3;Kliniczny Oddział Chirurgii Ogólnej i Leczenia Żywieniowego;Zabiegowy;UNIWERSYTECKI SZPITAL KLINICZNY NR 4 W LUBLINIE;Lublin;hosp_15;0;2026-04-21T06:29:54.461Z
dept_15_4;Kliniczny Oddział Chirurgii Ogólnej, Plastycznej, Rekonstrukcyjnej i Mikrochirurgii;Zabiegowy;UNIWERSYTECKI SZPITAL KLINICZNY NR 4 W LUBLINIE;Lublin;hosp_15;0;2026-04-26T06:43:35.542Z
dept_15_5;Kliniczny Oddział Neurochirurgii;Zabiegowy;UNIWERSYTECKI SZPITAL KLINICZNY NR 4 W LUBLINIE;Lublin;hosp_15;0;2026-04-26T06:43:35.542Z
dept_15_6;Kliniczny Oddział Transplantologii;Zabiegowy;UNIWERSYTECKI SZPITAL KLINICZNY NR 4 W LUBLINIE;Lublin;hosp_15;0;2026-04-26T06:43:35.542Z
dept_15_7;Kliniczny Oddział Urologii i Onkologii Urologicznej;Zabiegowy;UNIWERSYTECKI SZPITAL KLINICZNY NR 4 W LUBLINIE;Lublin;hosp_15;0;2026-04-26T06:43:35.542Z
dept_15_8;Kliniczny Oddział Kardiochirurgii;Zabiegowy;UNIWERSYTECKI SZPITAL KLINICZNY NR 4 W LUBLINIE;Lublin;hosp_15;0;2026-04-26T06:43:35.542Z
dept_15_9;Blok operacyjny;Zabiegowy;UNIWERSYTECKI SZPITAL KLINICZNY NR 4 W LUBLINIE;Lublin;hosp_15;0;2026-04-26T06:43:35.542Z
dept_16_1;Oddział Chirurgii Naczyniowej;Zabiegowy;WOJEWÓDZKI SZPITAL SPECJALISTYCZNY IM. STEFANA KARDYNAŁA WYSZYŃSKIEGO SAMODZIELNY PUBLICZNY ZAKŁAD OPIEKI ZDROWOTNEJ W LUBLINIE;Lublin;hosp_16;0;2026-04-25T06:43:35.542Z
dept_16_2;Oddział Chirurgii Piersi;Zabiegowy;WOJEWÓDZKI SZPITAL SPECJALISTYCZNY IM. STEFANA KARDYNAŁA WYSZYŃSKIEGO SAMODZIELNY PUBLICZNY ZAKŁAD OPIEKI ZDROWOTNEJ W LUBLINIE;Lublin;hosp_16;0;2026-04-25T06:43:35.542Z
dept_16_3;Oddział Neurochirurgii;Zabiegowy;WOJEWÓDZKI SZPITAL SPECJALISTYCZNY IM. STEFANA KARDYNAŁA WYSZYŃSKIEGO SAMODZIELNY PUBLICZNY ZAKŁAD OPIEKI ZDROWOTNEJ W LUBLINIE;Lublin;hosp_16;0;2026-04-25T06:43:35.542Z
dept_16_4;Oddział Urologii i Onkologii Urologicznej z Centrum Leczenia Kamicy Układu Moczowego;Zabiegowy;WOJEWÓDZKI SZPITAL SPECJALISTYCZNY IM. STEFANA KARDYNAŁA WYSZYŃSKIEGO SAMODZIELNY PUBLICZNY ZAKŁAD OPIEKI ZDROWOTNEJ W LUBLINIE;Lublin;hosp_16;0;2026-04-25T06:43:35.542Z
dept_16_5;Oddział Chirurgii Ogólnej i Onkologicznej z Pododdziałem Chirurgii Klatki Piersiowej;Zabiegowy;WOJEWÓDZKI SZPITAL SPECJALISTYCZNY IM. STEFANA KARDYNAŁA WYSZYŃSKIEGO SAMODZIELNY PUBLICZNY ZAKŁAD OPIEKI ZDROWOTNEJ W LUBLINIE;Lublin;hosp_16;0;2026-04-25T06:43:35.542Z
dept_16_6;Oddział Chirurgiczny;Zabiegowy;WOJEWÓDZKI SZPITAL SPECJALISTYCZNY IM. STEFANA KARDYNAŁA WYSZYŃSKIEGO SAMODZIELNY PUBLICZNY ZAKŁAD OPIEKI ZDROWOTNEJ W LUBLINIE;Lublin;hosp_16;0;2026-04-25T06:43:35.542Z
dept_16_7;Blok operacyjny;Zabiegowy;WOJEWÓDZKI SZPITAL SPECJALISTYCZNY IM. STEFANA KARDYNAŁA WYSZYŃSKIEGO SAMODZIELNY PUBLICZNY ZAKŁAD OPIEKI ZDROWOTNEJ W LUBLINIE;Lublin;hosp_16;0;2026-04-25T06:43:35.542Z
dept_16_8;Sterylizatornia;Zabiegowy;WOJEWÓDZKI SZPITAL SPECJALISTYCZNY IM. STEFANA KARDYNAŁA WYSZYŃSKIEGO SAMODZIELNY PUBLICZNY ZAKŁAD OPIEKI ZDROWOTNEJ W LUBLINIE;Lublin;hosp_16;0;2026-04-25T06:43:35.542Z
dept_1785313891125;Hospital Pharmacy;Zachowawczy;MAZOWIECKI SZPITAL SPECJALISTYCZNY IM. DR JÓZEFA PSARSKIEGO W OSTROŁĘCE;Ostrołęka;hosp_79;1;2026-07-29T08:31:31.125Z
dept_1785320862940;Administracja;Zachowawczy;MAZOWIECKI SZPITAL SPECJALISTYCZNY IM. DR JÓZEFA PSARSKIEGO W OSTROŁĘCE;Ostrołęka;hosp_79;1;2026-07-29T10:27:42.940Z
dept_1785743720622;Oddział Ginekologiczno-Położniczy;Zabiegowy;WOJEWÓDZKI SZPITAL ZESPOLONY W ELBLĄGU;Elbląg;hosp_52;2;2026-08-03T07:55:20.622Z
dept_17_1;Oddział Chirurgii Ogólnej i Minimalnie Inwazyjnej;Zabiegowy;SAMODZIELNY PUBLICZNY ZAKŁAD OPIEKI ZDROWOTNEJ W ŁĘCZNEJ;Łęczna;hosp_17;0;2026-04-24T06:43:35.542Z
dept_17_2;Wschodnie Centrum Leczenia Oparzeń i Chirurgii Rekonstrukcyjnej;Zabiegowy;SAMODZIELNY PUBLICZNY ZAKŁAD OPIEKI ZDROWOTNEJ W ŁĘCZNEJ;Łęczna;hosp_17;0;2026-04-24T06:43:35.542Z
dept_17_3;Blok operacyjny;Zabiegowy;SAMODZIELNY PUBLICZNY ZAKŁAD OPIEKI ZDROWOTNEJ W ŁĘCZNEJ;Łęczna;hosp_17;0;2026-04-24T06:43:35.542Z
dept_17_4;Sterylizatornia;Zabiegowy;SAMODZIELNY PUBLICZNY ZAKŁAD OPIEKI ZDROWOTNEJ W ŁĘCZNEJ;Łęczna;hosp_17;0;2026-04-24T06:43:35.542Z
dept_18_1;Oddział Chirurgii Ogólnej i Urazowej;Zabiegowy;SAMODZIELNY PUBLICZNY ZAKŁAD OPIEKI ZDROWOTNEJ W ŁUKOWIE;Łuków;hosp_18;0;2026-04-23T06:43:35.542Z
dept_18_2;Blok operacyjny;Zabiegowy;SAMODZIELNY PUBLICZNY ZAKŁAD OPIEKI ZDROWOTNEJ W ŁUKOWIE;Łuków;hosp_18;0;2026-04-23T06:43:35.542Z
dept_18_3;Sterylizatornia;Zabiegowy;SAMODZIELNY PUBLICZNY ZAKŁAD OPIEKI ZDROWOTNEJ W ŁUKOWIE;Łuków;hosp_18;0;2026-04-23T06:43:35.542Z
dept_19_1;Oddział Chirurgii Ogólnej i Urazowej;Zabiegowy;SAMODZIELNY PUBLICZNY ZAKŁAD OPIEKI ZDROWOTNEJ W MIĘDZYRZECU PODLASKIM;Międzyrzec Podlaski;hosp_19;0;2026-04-22T06:43:35.542Z
dept_19_2;Blok operacyjny;Zabiegowy;SAMODZIELNY PUBLICZNY ZAKŁAD OPIEKI ZDROWOTNEJ W MIĘDZYRZECU PODLASKIM;Międzyrzec Podlaski;hosp_19;0;2026-04-22T06:43:35.542Z
dept_19_3;Sterylizatornia;Zabiegowy;SAMODZIELNY PUBLICZNY ZAKŁAD OPIEKI ZDROWOTNEJ W MIĘDZYRZECU PODLASKIM;Międzyrzec Podlaski;hosp_19;0;2026-04-22T06:43:35.542Z
dept_1_1;Oddział Chirurgiczny Ogólny z Pododdziałem Intensywnej Opieki Pooperacyjnej;Zabiegowy;SAMODZIELNY PUBLICZNY ZAKŁAD OPIEKI ZDROWOTNEJ NR 1 W BEŁŻYCACH;Bełżyce;hosp_1;3;2026-05-10T06:43:35.542Z
dept_1_2;Blok operacyjny;Zabiegowy;SAMODZIELNY PUBLICZNY ZAKŁAD OPIEKI ZDROWOTNEJ NR 1 W BEŁŻYCACH;Bełżyce;hosp_1;0;2026-05-10T06:43:35.542Z
dept_1_3;Sterylizatornia;Zabiegowy;SAMODZIELNY PUBLICZNY ZAKŁAD OPIEKI ZDROWOTNEJ NR 1 W BEŁŻYCACH;Bełżyce;hosp_1;0;2026-05-10T06:43:35.542Z
dept_20_1;Oddział Chirurgiczno-Urazowy z Pododdziałem Ginekologicznym;Zabiegowy;SAMODZIELNY PUBLICZNY ZAKŁAD OPIEKI ZDROWOTNEJ W PARCZEWIE;Parczew;hosp_20;0;2026-04-21T06:43:35.542Z
dept_20_2;Blok operacyjny;Zabiegowy;SAMODZIELNY PUBLICZNY ZAKŁAD OPIEKI ZDROWOTNEJ W PARCZEWIE;Parczew;hosp_20;0;2026-04-21T06:43:35.542Z
dept_20_3;Sterylizatornia;Zabiegowy;SAMODZIELNY PUBLICZNY ZAKŁAD OPIEKI ZDROWOTNEJ W PARCZEWIE;Parczew;hosp_20;0;2026-04-21T06:43:35.542Z
dept_21_1;Oddział Chirurgii Ogólnej;Zabiegowy;SAMODZIELNY PUBLICZNY ZAKŁAD OPIEKI ZDROWOTNEJ W PUŁAWACH;Puławy;hosp_21;0;2026-04-20T06:43:35.542Z
dept_21_2;Oddział Urologii i Onkologii Urologicznej;Zabiegowy;SAMODZIELNY PUBLICZNY ZAKŁAD OPIEKI ZDROWOTNEJ W PUŁAWACH;Puławy;hosp_21;0;2026-04-20T06:43:35.542Z
dept_21_3;Oddział Chirurgii Dziecięcej;Zabiegowy;SAMODZIELNY PUBLICZNY ZAKŁAD OPIEKI ZDROWOTNEJ W PUŁAWACH;Puławy;hosp_21;0;2026-04-20T06:43:35.542Z
dept_21_4;Blok operacyjny;Zabiegowy;SAMODZIELNY PUBLICZNY ZAKŁAD OPIEKI ZDROWOTNEJ W PUŁAWACH;Puławy;hosp_21;0;2026-04-20T06:43:35.542Z
dept_21_5;Sterylizatornia;Zabiegowy;SAMODZIELNY PUBLICZNY ZAKŁAD OPIEKI ZDROWOTNEJ W PUŁAWACH;Puławy;hosp_21;0;2026-04-20T06:43:35.542Z
dept_22_1;Oddział Chirurgiczny;Zabiegowy;SAMODZIELNY PUBLICZNY ZAKŁAD OPIEKI ZDROWOTNEJ W RADZYNIU PODLASKIM;Radzyń Podlaski;hosp_22;0;2026-04-19T06:43:35.542Z
dept_22_2;Blok operacyjny;Zabiegowy;SAMODZIELNY PUBLICZNY ZAKŁAD OPIEKI ZDROWOTNEJ W RADZYNIU PODLASKIM;Radzyń Podlaski;hosp_22;0;2026-04-19T06:43:35.542Z
dept_22_3;Sterylizatornia;Zabiegowy;SAMODZIELNY PUBLICZNY ZAKŁAD OPIEKI ZDROWOTNEJ W RADZYNIU PODLASKIM;Radzyń Podlaski;hosp_22;0;2026-04-19T06:43:35.542Z
dept_23_1;Oddział Chirurgiczny;Zabiegowy;SAMODZIELNY PUBLICZNY ZESPÓŁ OPIEKI ZDROWOTNEJ W SZCZEBRZESZYNIE;Szczebrzeszyn;hosp_23;0;2026-04-18T06:43:35.542Z
dept_23_2;Blok operacyjny;Zabiegowy;SAMODZIELNY PUBLICZNY ZESPÓŁ OPIEKI ZDROWOTNEJ W SZCZEBRZESZYNIE;Szczebrzeszyn;hosp_23;0;2026-04-18T06:43:35.542Z
dept_23_3;Sterylizatornia;Zabiegowy;SAMODZIELNY PUBLICZNY ZESPÓŁ OPIEKI ZDROWOTNEJ W SZCZEBRZESZYNIE;Szczebrzeszyn;hosp_23;0;2026-04-18T06:43:35.542Z
dept_24_1;Oddział Chirurgii Ogólnej;Zabiegowy;SAMODZIELNY PUBLICZNY ZAKŁAD OPIEKI ZDROWOTNEJ W ŚWIDNIKU;Świdnik;hosp_24;0;2026-04-17T06:43:35.542Z
dept_24_2;Blok operacyjny;Zabiegowy;SAMODZIELNY PUBLICZNY ZAKŁAD OPIEKI ZDROWOTNEJ W ŚWIDNIKU;Świdnik;hosp_24;0;2026-04-17T06:43:35.542Z
dept_24_3;Sterylizatornia;Zabiegowy;SAMODZIELNY PUBLICZNY ZAKŁAD OPIEKI ZDROWOTNEJ W ŚWIDNIKU;Świdnik;hosp_24;0;2026-04-17T06:43:35.542Z
dept_25_1;Oddział Chirurgii Ogólnej i Urazowej;Zabiegowy;SAMODZIELNY PUBLICZNY ZESPÓŁ OPIEKI ZDROWOTNEJ W TOMASZOWIE LUBELSKIM;Tomaszów Lubelski;hosp_25;0;2026-04-16T06:43:35.542Z
dept_25_2;Blok operacyjny;Zabiegowy;SAMODZIELNY PUBLICZNY ZESPÓŁ OPIEKI ZDROWOTNEJ W TOMASZOWIE LUBELSKIM;Tomaszów Lubelski;hosp_25;0;2026-04-16T06:43:35.542Z
dept_25_3;Sterylizatornia;Zabiegowy;SAMODZIELNY PUBLICZNY ZESPÓŁ OPIEKI ZDROWOTNEJ W TOMASZOWIE LUBELSKIM;Tomaszów Lubelski;hosp_25;0;2026-04-16T06:43:35.542Z
dept_26_1;Oddział Chirurgii Ogólnej z Profilem Urazowo-Ortopedycznym i Ginekologicznym;Zabiegowy;SAMODZIELNY PUBLICZNY ZESPÓŁ OPIEKI ZDROWOTNEJ WE WŁODAWIE;Włodawa;hosp_26;0;2026-04-15T06:43:35.542Z
dept_26_2;Blok operacyjny;Zabiegowy;SAMODZIELNY PUBLICZNY ZESPÓŁ OPIEKI ZDROWOTNEJ WE WŁODAWIE;Włodawa;hosp_26;0;2026-04-15T06:43:35.542Z
dept_26_3;Sterylizatornia;Zabiegowy;SAMODZIELNY PUBLICZNY ZESPÓŁ OPIEKI ZDROWOTNEJ WE WŁODAWIE;Włodawa;hosp_26;0;2026-04-15T06:43:35.542Z
dept_27_1;Oddział Chirurgii Ogólnej i Onkologicznej;Zabiegowy;SAMODZIELNY PUBLICZNY SZPITAL WOJEWÓDZKI IM. PAPIEŻA JANA PAWŁA II W ZAMOŚCIU;Zamość;hosp_27;0;2026-04-14T06:43:35.542Z
dept_27_2;Oddział Kardiochirurgii;Zabiegowy;SAMODZIELNY PUBLICZNY SZPITAL WOJEWÓDZKI IM. PAPIEŻA JANA PAWŁA II W ZAMOŚCIU;Zamość;hosp_27;0;2026-04-14T06:43:35.542Z
dept_27_3;Oddział Neurochirurgii;Zabiegowy;SAMODZIELNY PUBLICZNY SZPITAL WOJEWÓDZKI IM. PAPIEŻA JANA PAWŁA II W ZAMOŚCIU;Zamość;hosp_27;0;2026-04-14T06:43:35.542Z
dept_27_4;Oddział Urologiczny;Zabiegowy;SAMODZIELNY PUBLICZNY SZPITAL WOJEWÓDZKI IM. PAPIEŻA JANA PAWŁA II W ZAMOŚCIU;Zamość;hosp_27;0;2026-04-14T06:43:35.542Z
dept_27_5;Oddział Chirurgii Naczyniowej;Zabiegowy;SAMODZIELNY PUBLICZNY SZPITAL WOJEWÓDZKI IM. PAPIEŻA JANA PAWŁA II W ZAMOŚCIU;Zamość;hosp_27;0;2026-04-14T06:43:35.542Z
dept_27_6;Blok operacyjny;Zabiegowy;SAMODZIELNY PUBLICZNY SZPITAL WOJEWÓDZKI IM. PAPIEŻA JANA PAWŁA II W ZAMOŚCIU;Zamość;hosp_27;0;2026-04-14T06:43:35.542Z
dept_27_7;Sterylizatornia;Zabiegowy;SAMODZIELNY PUBLICZNY SZPITAL WOJEWÓDZKI IM. PAPIEŻA JANA PAWŁA II W ZAMOŚCIU;Zamość;hosp_27;0;2026-04-14T06:43:35.542Z
dept_28_1;Oddział Chirurgii Ogólnej;Zabiegowy;SAMODZIELNY PUBLICZNY ZAKŁAD OPIEKI ZDROWOTNEJ W AUGUSTOWIE;Augustów;hosp_28;1;2026-04-13T06:43:35.542Z
dept_28_2;Blok operacyjny;Zabiegowy;SAMODZIELNY PUBLICZNY ZAKŁAD OPIEKI ZDROWOTNEJ W AUGUSTOWIE;Augustów;hosp_28;1;2026-04-13T06:43:35.542Z
dept_28_3;Sterylizatornia;Zabiegowy;SAMODZIELNY PUBLICZNY ZAKŁAD OPIEKI ZDROWOTNEJ W AUGUSTOWIE;Augustów;hosp_28;2;2026-04-13T06:43:35.542Z
dept_29_1;Oddział Chirurgii Piersi i Rekonstrukcji;Zabiegowy;BIAŁOSTOCKIE CENTRUM ONKOLOGII IM. M. SKŁODOWSKIEJ-CURIE W BIAŁYMSTOKU;Białystok;hosp_29;0;2026-04-12T06:43:35.542Z
dept_29_2;Oddział Urologii;Zabiegowy;BIAŁOSTOCKIE CENTRUM ONKOLOGII IM. M. SKŁODOWSKIEJ-CURIE W BIAŁYMSTOKU;Białystok;hosp_29;1;2026-04-12T06:43:35.542Z
dept_29_3;Blok operacyjny;Zabiegowy;BIAŁOSTOCKIE CENTRUM ONKOLOGII IM. M. SKŁODOWSKIEJ-CURIE W BIAŁYMSTOKU;Białystok;hosp_29;2;2026-04-12T06:43:35.542Z
dept_29_4;Sterylizatornia;Zabiegowy;BIAŁOSTOCKIE CENTRUM ONKOLOGII IM. M. SKŁODOWSKIEJ-CURIE W BIAŁYMSTOKU;Białystok;hosp_29;1;2026-04-12T06:43:35.542Z
dept_2_1;Oddział Chirurgiczny;Zabiegowy;WOJEWÓDZKI SZPITAL SPECJALISTYCZNY W BIAŁEJ PODLASKIEJ;Biała Podlaska;hosp_2;1;2026-05-09T06:43:35.542Z
dept_2_2;Oddział Neurochirurgiczny;Zabiegowy;WOJEWÓDZKI SZPITAL SPECJALISTYCZNY W BIAŁEJ PODLASKIEJ;Biała Podlaska;hosp_2;2;2026-05-09T06:43:35.542Z
dept_2_3;Oddział Urologiczny;Zabiegowy;WOJEWÓDZKI SZPITAL SPECJALISTYCZNY W BIAŁEJ PODLASKIEJ;Biała Podlaska;hosp_2;0;2026-05-09T06:43:35.542Z
dept_2_4;Pododdział Chirurgii Onkologicznej;Zabiegowy;WOJEWÓDZKI SZPITAL SPECJALISTYCZNY W BIAŁEJ PODLASKIEJ;Biała Podlaska;hosp_2;1;2026-05-09T06:43:35.542Z
dept_2_5;Blok operacyjny;Zabiegowy;WOJEWÓDZKI SZPITAL SPECJALISTYCZNY W BIAŁEJ PODLASKIEJ;Biała Podlaska;hosp_2;1;2026-05-09T06:43:35.542Z
dept_2_6;Sterylizatornia;Zabiegowy;WOJEWÓDZKI SZPITAL SPECJALISTYCZNY W BIAŁEJ PODLASKIEJ;Biała Podlaska;hosp_2;1;2026-05-09T06:43:35.542Z
dept_30_1;Oddział Chirurgii Ogólnej;Zabiegowy;NIEPUBLICZNY ZAKŁAD OPIEKI ZDROWOTNEJ HUMANA MEDICA OMEDA;Białystok;hosp_30;1;2026-04-11T06:43:35.542Z
dept_30_2;Blok operacyjny;Zabiegowy;NIEPUBLICZNY ZAKŁAD OPIEKI ZDROWOTNEJ HUMANA MEDICA OMEDA;Białystok;hosp_30;1;2026-04-11T06:43:35.542Z
dept_30_3;Sterylizatornia;Zabiegowy;NIEPUBLICZNY ZAKŁAD OPIEKI ZDROWOTNEJ HUMANA MEDICA OMEDA;Białystok;hosp_30;0;2026-04-11T06:43:35.542Z
dept_31_1;Oddział Chirurgii Onkologicznej i Chirurgii Ogólnej;Zabiegowy;SAMODZIELNY PUBLICZNY ZAKŁAD OPIEKI ZDROWOTNEJ MINISTERSTWA SPRAW WEWNĘTRZNYCH I ADMINISTRACJI W BIAŁYMSTOKU IM. MARIANA ZYNDRAMA-KOŚCIAŁKOWSKIEGO;Białystok;hosp_31;1;2026-05-10T06:43:35.542Z
dept_31_2;Oddział Urologii;Zabiegowy;SAMODZIELNY PUBLICZNY ZAKŁAD OPIEKI ZDROWOTNEJ MINISTERSTWA SPRAW WEWNĘTRZNYCH I ADMINISTRACJI W BIAŁYMSTOKU IM. MARIANA ZYNDRAMA-KOŚCIAŁKOWSKIEGO;Białystok;hosp_31;2;2026-05-10T06:43:35.542Z
dept_31_3;Blok operacyjny;Zabiegowy;SAMODZIELNY PUBLICZNY ZAKŁAD OPIEKI ZDROWOTNEJ MINISTERSTWA SPRAW WEWNĘTRZNYCH I ADMINISTRACJI W BIAŁYMSTOKU IM. MARIANA ZYNDRAMA-KOŚCIAŁKOWSKIEGO;Białystok;hosp_31;1;2026-05-10T06:43:35.542Z
dept_31_4;Sterylizatornia;Zabiegowy;SAMODZIELNY PUBLICZNY ZAKŁAD OPIEKI ZDROWOTNEJ MINISTERSTWA SPRAW WEWNĘTRZNYCH I ADMINISTRACJI W BIAŁYMSTOKU IM. MARIANA ZYNDRAMA-KOŚCIAŁKOWSKIEGO;Białystok;hosp_31;1;2026-05-10T06:43:35.542Z
dept_32_1;Oddział Chirurgii Ogólnej, Małoinwazyjnej i Onkologicznej;Zabiegowy;SP ZOZ WOJEWÓDZKI SZPITAL ZESPOLONY IM. J. ŚNIADECKIEGO;Białystok;hosp_32;0;2026-05-09T06:43:35.542Z
dept_32_2;Oddział Urologii Onkologicznej i Ogólnej;Zabiegowy;SP ZOZ WOJEWÓDZKI SZPITAL ZESPOLONY IM. J. ŚNIADECKIEGO;Białystok;hosp_32;3;2026-05-09T06:43:35.542Z
dept_32_3;Blok operacyjny;Zabiegowy;SP ZOZ WOJEWÓDZKI SZPITAL ZESPOLONY IM. J. ŚNIADECKIEGO;Białystok;hosp_32;0;2026-05-09T06:43:35.542Z
dept_32_4;Sterylizatornia;Zabiegowy;SP ZOZ WOJEWÓDZKI SZPITAL ZESPOLONY IM. J. ŚNIADECKIEGO;Białystok;hosp_32;0;2026-05-09T06:43:35.542Z
dept_33_1;Klinika Chirurgii i Urologii Dziecięcej z Pododdziałem Okulistyki Dziecięcej;Zabiegowy;UNIWERSYTECKI DZIECIĘCY SZPITAL KLINICZNY IM. L. ZAMENHOFA W BIAŁYMSTOKU;Białystok;hosp_33;0;2026-05-08T06:43:35.542Z
dept_33_2;Blok operacyjny;Zabiegowy;UNIWERSYTECKI DZIECIĘCY SZPITAL KLINICZNY IM. L. ZAMENHOFA W BIAŁYMSTOKU;Białystok;hosp_33;0;2026-05-08T06:43:35.542Z
dept_33_3;Sterylizatornia;Zabiegowy;UNIWERSYTECKI DZIECIĘCY SZPITAL KLINICZNY IM. L. ZAMENHOFA W BIAŁYMSTOKU;Białystok;hosp_33;0;2026-05-08T06:43:35.542Z
dept_34_1;I Klinika Chirurgii Ogólnej, Onkologicznej i Endokrynologicznej;Zabiegowy;UNIWERSYTECKI SZPITAL KLINICZNY W BIAŁYMSTOKU;Białystok;hosp_34;0;2026-05-07T06:43:35.542Z
dept_34_10;Sterylizatornia;Zabiegowy;UNIWERSYTECKI SZPITAL KLINICZNY W BIAŁYMSTOKU;Białystok;hosp_34;1;2026-05-07T06:43:35.542Z
dept_34_2;I Klinika Nefrologii, Transplantologii i Chorób Wewnętrznych z Ośrodkiem Dializ;Zachowawczy;UNIWERSYTECKI SZPITAL KLINICZNY W BIAŁYMSTOKU;Białystok;hosp_34;0;2026-05-07T06:43:35.542Z
dept_34_3;II Klinika Chirurgii Ogólnej, Gastroenterologicznej i Onkologicznej;Zabiegowy;UNIWERSYTECKI SZPITAL KLINICZNY W BIAŁYMSTOKU;Białystok;hosp_34;0;2026-05-07T06:43:35.542Z
dept_34_4;Klinika Chirurgii Klatki Piersiowej;Zabiegowy;UNIWERSYTECKI SZPITAL KLINICZNY W BIAŁYMSTOKU;Białystok;hosp_34;1;2026-05-07T06:43:35.542Z
dept_34_5;Klinika Chirurgii Naczyń i Transplantacji;Zabiegowy;UNIWERSYTECKI SZPITAL KLINICZNY W BIAŁYMSTOKU;Białystok;hosp_34;0;2026-05-07T06:43:35.542Z
dept_34_6;Klinika Kardiochirurgii z Blokiem Operacyjnym;Zabiegowy;UNIWERSYTECKI SZPITAL KLINICZNY W BIAŁYMSTOKU;Białystok;hosp_34;9;2026-05-07T06:43:35.542Z
dept_34_7;Klinika Neurochirurgii;Zabiegowy;UNIWERSYTECKI SZPITAL KLINICZNY W BIAŁYMSTOKU;Białystok;hosp_34;2;2026-05-07T06:43:35.542Z
dept_34_8;Klinika Urologii i Urologii Onkologicznej;Zabiegowy;UNIWERSYTECKI SZPITAL KLINICZNY W BIAŁYMSTOKU;Białystok;hosp_34;1;2026-05-07T06:43:35.542Z
dept_34_9;Blok operacyjny;Zabiegowy;UNIWERSYTECKI SZPITAL KLINICZNY W BIAŁYMSTOKU;Białystok;hosp_34;0;2026-05-07T06:43:35.542Z
dept_35_1;Oddział Chirurgiczny z Pododdziałem Chirurgii Naczyniowej;Zabiegowy;SAMODZIELNY PUBLICZNY ZAKŁAD OPIEKI ZDROWOTNEJ W BIELSKU PODLASKIM;Bielsk Podlaski;hosp_35;1;2026-05-06T06:43:35.542Z
dept_35_2;Blok operacyjny;Zabiegowy;SAMODZIELNY PUBLICZNY ZAKŁAD OPIEKI ZDROWOTNEJ W BIELSKU PODLASKIM;Bielsk Podlaski;hosp_35;1;2026-05-06T06:43:35.542Z
dept_35_3;Sterylizatornia;Zabiegowy;SAMODZIELNY PUBLICZNY ZAKŁAD OPIEKI ZDROWOTNEJ W BIELSKU PODLASKIM;Bielsk Podlaski;hosp_35;1;2026-05-06T06:43:35.542Z
dept_36_1;Oddział Chirurgii Ogólnej;Zabiegowy;SZPITAL OGÓLNY IM. DR WITOLDA GINELA W GRAJEWIE;Grajewo;hosp_36;2;2026-05-05T06:43:35.542Z
dept_36_2;Blok operacyjny;Zabiegowy;SZPITAL OGÓLNY IM. DR WITOLDA GINELA W GRAJEWIE;Grajewo;hosp_36;0;2026-05-05T06:43:35.542Z
dept_36_3;Sterylizatornia;Zabiegowy;SZPITAL OGÓLNY IM. DR WITOLDA GINELA W GRAJEWIE;Grajewo;hosp_36;0;2026-05-05T06:43:35.542Z
dept_37_1;Oddział Chirurgii Laparoskopowej i Klasycznej z Chirurgicznym Leczeniem Otyłości;Zabiegowy;SAMODZIELNY PUBLICZNY ZAKŁAD OPIEKI ZDROWOTNEJ W HAJNÓWCE;Hajnówka;hosp_37;1;2026-05-04T06:43:35.542Z
dept_37_2;Blok operacyjny;Zabiegowy;SAMODZIELNY PUBLICZNY ZAKŁAD OPIEKI ZDROWOTNEJ W HAJNÓWCE;Hajnówka;hosp_37;1;2026-05-04T06:43:35.542Z
dept_37_3;Sterylizatornia;Zabiegowy;SAMODZIELNY PUBLICZNY ZAKŁAD OPIEKI ZDROWOTNEJ W HAJNÓWCE;Hajnówka;hosp_37;1;2026-05-04T06:43:35.542Z
dept_38_1;Oddział Chirurgii Ogólnej z Pododdziałem Ortopedii i Traumatologii Narządu Ruchu;Zabiegowy;SZPITAL OGÓLNY W KOLNIE;Kolno;hosp_38;0;2026-05-03T06:43:35.542Z
dept_38_2;Blok operacyjny;Zabiegowy;SZPITAL OGÓLNY W KOLNIE;Kolno;hosp_38;0;2026-05-03T06:43:35.542Z
dept_38_3;Sterylizatornia;Zabiegowy;SZPITAL OGÓLNY W KOLNIE;Kolno;hosp_38;0;2026-05-03T06:43:35.542Z
dept_39_1;Oddział Chirurgiczny;Zabiegowy;SAMODZIELNY PUBLICZNY ZAKŁAD OPIEKI ZDROWOTNEJ W ŁAPACH;Łapy;hosp_39;0;2026-05-02T06:43:35.542Z
dept_39_2;Blok operacyjny;Zabiegowy;SAMODZIELNY PUBLICZNY ZAKŁAD OPIEKI ZDROWOTNEJ W ŁAPACH;Łapy;hosp_39;0;2026-05-02T06:43:35.542Z
dept_39_3;Sterylizatornia;Zabiegowy;SAMODZIELNY PUBLICZNY ZAKŁAD OPIEKI ZDROWOTNEJ W ŁAPACH;Łapy;hosp_39;0;2026-05-02T06:43:35.542Z
dept_3_1;Oddział Chirurgiczny z Pododdziałem Laryngologicznym;Zabiegowy;SAMODZIELNY PUBLICZNY WOJEWÓDZKI SZPITAL SPECJALISTYCZNY W CHEŁMIE;Chełm;hosp_3;0;2026-05-08T06:43:35.542Z
dept_3_2;Oddział Urologiczny;Zabiegowy;SAMODZIELNY PUBLICZNY WOJEWÓDZKI SZPITAL SPECJALISTYCZNY W CHEŁMIE;Chełm;hosp_3;0;2026-05-08T06:43:35.542Z
dept_3_3;Blok operacyjny;Zabiegowy;SAMODZIELNY PUBLICZNY WOJEWÓDZKI SZPITAL SPECJALISTYCZNY W CHEŁMIE;Chełm;hosp_3;0;2026-05-08T06:43:35.542Z
dept_3_4;Sterylizatornia;Zabiegowy;SAMODZIELNY PUBLICZNY WOJEWÓDZKI SZPITAL SPECJALISTYCZNY W CHEŁMIE;Chełm;hosp_3;0;2026-05-08T06:43:35.542Z
dept_40_1;Oddział Chirurgiczny z Pododdziałem Chirurgii Onkologicznej i Naczyniowej;Zabiegowy;SZPITAL WOJEWÓDZKI IM. KARDYNAŁA STEFANA WYSZYŃSKIEGO W ŁOMŻY;Łomża;hosp_40;0;2026-05-01T06:43:35.542Z
dept_40_2;Oddział Urologii i Urologii Onkologicznej;Zabiegowy;SZPITAL WOJEWÓDZKI IM. KARDYNAŁA STEFANA WYSZYŃSKIEGO W ŁOMŻY;Łomża;hosp_40;0;2026-05-01T06:43:35.542Z
dept_40_3;Blok operacyjny;Zabiegowy;SZPITAL WOJEWÓDZKI IM. KARDYNAŁA STEFANA WYSZYŃSKIEGO W ŁOMŻY;Łomża;hosp_40;0;2026-05-01T06:43:35.542Z
dept_40_4;Sterylizatornia;Zabiegowy;SZPITAL WOJEWÓDZKI IM. KARDYNAŁA STEFANA WYSZYŃSKIEGO W ŁOMŻY;Łomża;hosp_40;0;2026-05-01T06:43:35.542Z
dept_41_1;Oddział Chirurgiczny Ogólny z Łóżkami Leczenia Bólu;Zabiegowy;SAMODZIELNY PUBLICZNY ZAKŁAD OPIEKI ZDROWOTNEJ W MOŃKACH;Mońki;hosp_41;0;2026-04-30T06:43:35.542Z
dept_41_2;Blok operacyjny;Zabiegowy;SAMODZIELNY PUBLICZNY ZAKŁAD OPIEKI ZDROWOTNEJ W MOŃKACH;Mońki;hosp_41;0;2026-04-30T06:43:35.542Z
dept_41_3;Sterylizatornia;Zabiegowy;SAMODZIELNY PUBLICZNY ZAKŁAD OPIEKI ZDROWOTNEJ W MOŃKACH;Mońki;hosp_41;0;2026-04-30T06:43:35.542Z
dept_42_1;Oddział Chirurgiczny;Zabiegowy;SAMODZIELNY PUBLICZNY ZAKŁAD OPIEKI ZDROWOTNEJ W SEJNACH;Sejny;hosp_42;0;2026-04-29T06:43:35.542Z
dept_42_2;Blok operacyjny;Zabiegowy;SAMODZIELNY PUBLICZNY ZAKŁAD OPIEKI ZDROWOTNEJ W SEJNACH;Sejny;hosp_42;0;2026-04-29T06:43:35.542Z
dept_42_3;Sterylizatornia;Zabiegowy;SAMODZIELNY PUBLICZNY ZAKŁAD OPIEKI ZDROWOTNEJ W SEJNACH;Sejny;hosp_42;0;2026-04-29T06:43:35.542Z
dept_43_1;Oddział Chirurgiczny z Pododdziałem Ortopedycznym;Zabiegowy;SAMODZIELNY PUBLICZNY ZAKŁAD OPIEKI ZDROWOTNEJ W SIEMIATYCZACH;Siemiatycze;hosp_43;0;2026-04-28T06:43:35.542Z
dept_43_2;Blok operacyjny;Zabiegowy;SAMODZIELNY PUBLICZNY ZAKŁAD OPIEKI ZDROWOTNEJ W SIEMIATYCZACH;Siemiatycze;hosp_43;0;2026-04-28T06:43:35.542Z
dept_43_3;Sterylizatornia;Zabiegowy;SAMODZIELNY PUBLICZNY ZAKŁAD OPIEKI ZDROWOTNEJ W SIEMIATYCZACH;Siemiatycze;hosp_43;0;2026-04-28T06:43:35.542Z
dept_44_1;Oddział Chirurgii Ogólnej;Zabiegowy;SAMODZIELNY PUBLICZNY ZAKŁAD OPIEKI ZDROWOTNEJ W SOKÓŁCE;Sokółka;hosp_44;0;2026-04-27T06:43:35.542Z
dept_44_2;Blok operacyjny;Zabiegowy;SAMODZIELNY PUBLICZNY ZAKŁAD OPIEKI ZDROWOTNEJ W SOKÓŁCE;Sokółka;hosp_44;0;2026-04-27T06:43:35.542Z
dept_44_3;Sterylizatornia;Zabiegowy;SAMODZIELNY PUBLICZNY ZAKŁAD OPIEKI ZDROWOTNEJ W SOKOŁOWIE PODLASKIM;Sokółka;hosp_44;0;2026-04-27T06:43:35.542Z
dept_45_1;Oddział Chirurgii Dziecięcej;Zabiegowy;SZPITAL WOJEWÓDZKI IM. DR. LUDWIKA RYDYGIERA W SUWAŁKACH;Suwałki;hosp_45;1;2026-04-26T06:43:35.542Z
dept_45_2;Oddział Chirurgii Ogólnej z Pododdziałem Chirurgii Onkologicznej;Zabiegowy;SZPITAL WOJEWÓDZKI IM. DR. LUDWIKA RYDYGIERA W SUWAŁKACH;Suwałki;hosp_45;0;2026-04-26T06:43:35.542Z
dept_45_3;Oddział Urologiczny;Zabiegowy;SZPITAL WOJEWÓDZKI IM. DR. LUDWIKA RYDYGIERA W SUWAŁKACH;Suwałki;hosp_45;1;2026-04-26T06:43:35.542Z
dept_45_4;Blok operacyjny;Zabiegowy;SZPITAL WOJEWÓDZKI IM. DR. LUDWIKA RYDYGIERA W SUWAŁKACH;Suwałki;hosp_45;0;2026-04-26T06:43:35.542Z
dept_45_5;Sterylizatornia;Zabiegowy;SZPITAL WOJEWÓDZKI IM. DR. LUDWIKA RYDYGIERA W SUWAŁKACH;Suwałki;hosp_45;0;2026-04-26T06:43:35.542Z
dept_45_onco;Oddział Onkologiczny;Zachowawczy;SZPITAL WOJEWÓDZKI IM. DR. LUDWIKA RYDYGIERA W SUWAŁKACH;Suwałki;hosp_45;0;2026-08-18T06:43:35.542Z
dept_45_oph;Oddział Okulistyczny;Zabiegowy;SZPITAL WOJEWÓDZKI IM. DR. LUDWIKA RYDYGIERA W SUWAŁKACH;Suwałki;hosp_45;0;2026-08-18T06:43:35.542Z
dept_45_or;Blok Operacyjny;Zabiegowy;SZPITAL WOJEWÓDZKI IM. DR. LUDWIKA RYDYGIERA W SUWAŁKACH;Suwałki;hosp_45;0;2026-08-18T06:43:35.542Z
dept_45_pharmacy;Apteka Szpitalna;Diagnostyczny;SZPITAL WOJEWÓDZKI IM. DR. LUDWIKA RYDYGIERA W SUWAŁKACH;Suwałki;hosp_45;0;2026-08-18T06:43:35.542Z
dept_45_ster;Centralna Sterylizatornia;Diagnostyczny;SZPITAL WOJEWÓDZKI IM. DR. LUDWIKA RYDYGIERA W SUWAŁKACH;Suwałki;hosp_45;0;2026-08-18T06:43:35.542Z
dept_46_1;Oddział Chirurgiczny Ogólny;Zabiegowy;SZPITAL OGÓLNY W WYSOKIEM MAZOWIECKIEM;Wysokie Mazowieckie;hosp_46;0;2026-04-25T06:43:35.542Z
dept_46_2;Blok operacyjny;Zabiegowy;SZPITAL OGÓLNY W WYSOKIEM MAZOWIECKIEM;Wysokie Mazowieckie;hosp_46;0;2026-04-25T06:43:35.542Z
dept_46_3;Sterylizatornia;Zabiegowy;SZPITAL OGÓLNY W WYSOKIEM MAZOWIECKIEM;Wysokie Mazowieckie;hosp_46;0;2026-04-25T06:43:35.542Z
dept_47_1;Oddział Wieloprofilowy-Zabiegowy;Zabiegowy;SZPITAL POWIATOWY W ZAMBROWIE SPÓŁKA Z OGRANICZONĄ ODPOWIEDZIALNOŚCIĄ;Zambrów;hosp_47;0;2026-04-24T06:43:35.542Z
dept_47_2;Blok operacyjny;Zabiegowy;SZPITAL POWIATOWY W ZAMBROWIE SPÓŁKA Z OGRANICZONĄ ODPOWIEDZIALNOŚCIĄ;Zambrów;hosp_47;0;2026-04-24T06:43:35.542Z
dept_47_3;Sterylizatornia;Zabiegowy;SZPITAL POWIATOWY W ZAMBROWIE SPÓŁKA Z OGRANICZONĄ ODPOWIEDZIALNOŚCIĄ;Zambrów;hosp_47;0;2026-04-24T06:43:35.542Z
dept_48_1;Oddział Chirurgii Ogólnej i Małoinwazyjnej;Zabiegowy;SZPITAL POWIATOWY IM. JANA PAWŁA II W BARTOSZYCACH;Bartoszyce;hosp_48;0;2026-04-23T06:43:35.542Z
dept_48_2;Blok operacyjny;Zabiegowy;SZPITAL POWIATOWY IM. JANA PAWŁA II W BARTOSZYCACH;Bartoszyce;hosp_48;0;2026-04-23T06:43:35.542Z
dept_48_3;Sterylizatornia;Zabiegowy;SZPITAL POWIATOWY IM. JANA PAWŁA II W BARTOSZYCACH;Bartoszyce;hosp_48;0;2026-04-23T06:43:35.542Z
dept_49_1;Oddział Chirurgii Ogólnej;Zabiegowy;SZPITAL POWIATOWY IM. JANA MIKULICZA W BISKUPCU;Biskupiec;hosp_49;0;2026-04-22T06:43:35.542Z
dept_49_2;Blok operacyjny;Zabiegowy;SZPITAL POWIATOWY IM. JANA MIKULICZA W BISKUPCU;Biskupiec;hosp_49;0;2026-04-22T06:43:35.542Z
dept_49_3;Sterylizatornia;Zabiegowy;SZPITAL POWIATOWY IM. JANA MIKULICZA W BISKUPCU;Biskupiec;hosp_49;0;2026-04-22T06:43:35.542Z
dept_49_ster;Centralna Sterylizatornia;Diagnostyczny;SZPITAL POWIATOWY IM. JANA MIKULICZA W BISKUPCU;Biskupiec;hosp_49;0;2026-08-18T06:43:35.542Z
dept_4_1;Oddział Chirurgiczny Ogólny;Zabiegowy;6 SZPITAL WOJSKOWY Z PRZYCHODNIĄ SAMODZIELNY PUBLICZNY ZAKŁAD OPIEKI ZDROWOTNEJ;Dęblin;hosp_4;0;2026-05-07T06:43:35.542Z
dept_4_2;Blok operacyjny;Zabiegowy;6 SZPITAL WOJSKOWY Z PRZYCHODNIĄ SAMODZIELNY PUBLICZNY ZAKŁAD OPIEKI ZDROWOTNEJ;Dęblin;hosp_4;0;2026-05-07T06:43:35.542Z
dept_4_3;Sterylizatornia;Zabiegowy;6 SZPITAL WOJSKOWY Z PRZYCHODNIĄ SAMODZIELNY PUBLICZNY ZAKŁAD OPIEKI ZDROWOTNEJ;Dęblin;hosp_4;0;2026-05-07T06:43:35.542Z
dept_50_1;Oddział Chirurgii Ogólnej z Pododdziałem Urologicznym;Zabiegowy;SAMODZIELNY PUBLICZNY ZAKŁAD OPIEKI ZDROWOTNEJ W DZIAŁDOWIE;Działdowo;hosp_50;0;2026-04-21T06:43:35.542Z
dept_50_2;Blok operacyjny;Zabiegowy;SAMODZIELNY PUBLICZNY ZAKŁAD OPIEKI ZDROWOTNEJ W DZIAŁDOWIE;Działdowo;hosp_50;0;2026-04-21T06:43:35.542Z
dept_50_3;Sterylizatornia;Zabiegowy;SAMODZIELNY PUBLICZNY ZAKŁAD OPIEKI ZDROWOTNEJ W DZIAŁDOWIE;Działdowo;hosp_50;0;2026-04-21T06:43:35.542Z
dept_51_1;Oddział Chirurgii Ogólnej i Onkologicznej;Zabiegowy;SZPITAL MIEJSKI ŚW. JANA PAWŁA II W ELBLĄGU;Elbląg;hosp_51;2;2026-04-20T06:43:35.542Z
dept_51_2;Oddział Chirurgii Dziecięcej;Zabiegowy;SZPITAL MIEJSKI ŚW. JANA PAWŁA II W ELBLĄGU;Elbląg;hosp_51;2;2026-04-20T06:43:35.542Z
dept_51_3;Blok operacyjny;Zabiegowy;SZPITAL MIEJSKI ŚW. JANA PAWŁA II W ELBLĄGU;Elbląg;hosp_51;0;2026-04-20T06:43:35.542Z
dept_51_4;Sterylizatornia;Zabiegowy;SZPITAL MIEJSKI ŚW. JANA PAWŁA II W ELBLĄGU;Elbląg;hosp_51;0;2026-04-20T06:43:35.542Z
dept_52_1;Oddział Chirurgii Ogólnej z Pododdziałem Chirurgii Naczyniowej;Zabiegowy;WOJEWÓDZKI SZPITAL ZESPOLONY W ELBLĄGU;Elbląg;hosp_52;1;2026-04-19T06:43:35.542Z
dept_52_2;Oddział Chirurgii Onkologicznej z Pododdziałem Chirurgii Piersi;Zabiegowy;WOJEWÓDZKI SZPITAL ZESPOLONY W ELBLĄGU;Elbląg;hosp_52;1;2026-04-19T06:43:35.542Z
dept_52_3;Oddział Neurochirurgii, Neurotraumatologii i Chirurgii Kręgosłupa;Zabiegowy;WOJEWÓDZKI SZPITAL ZESPOLONY W ELBLĄGU;Elbląg;hosp_52;6;2026-04-19T06:43:35.542Z
dept_52_4;Oddział Urologiczny;Zabiegowy;WOJEWÓDZKI SZPITAL ZESPOLONY W ELBLĄGU;Elbląg;hosp_52;0;2026-04-19T06:43:35.542Z
dept_52_5;Blok operacyjny;Zabiegowy;WOJEWÓDZKI SZPITAL ZESPOLONY W ELBLĄGU;Elbląg;hosp_52;2;2026-04-19T06:43:35.542Z
dept_52_6;Sterylizatornia;Zabiegowy;WOJEWÓDZKI SZPITAL ZESPOLONY W ELBLĄGU;Elbląg;hosp_52;2;2026-04-19T06:43:35.542Z
dept_53_1;Oddział Chirurgii Ogólnej;Zabiegowy;"""PRO-MEDICA"" W EŁKU SPÓŁKA Z OGRANICZONĄ ODPOWIEDZIALNOŚCIĄ";Ełk;hosp_53;4;2026-04-18T06:43:35.542Z
dept_53_2;Blok operacyjny;Zabiegowy;"""PRO-MEDICA"" W EŁKU SPÓŁKA Z OGRANICZONĄ ODPOWIEDZIALNOŚCIĄ";Ełk;hosp_53;1;2026-04-18T06:43:35.542Z
dept_53_3;Sterylizatornia;Zabiegowy;"""PRO-MEDICA"" W EŁKU SPÓŁKA Z OGRANICZONĄ ODPOWIEDZIALNOŚCIĄ";Ełk;hosp_53;2;2026-04-18T06:43:35.542Z
dept_54_1;Oddział Chirurgiczny Ogólny;Zabiegowy;118 SZPITAL WOJSKOWY Z PRZYCHODNIĄ SAMODZIELNY PUBLICZNY ZAKŁAD OPIEKI ZDROWOTNEJ W EŁKU;Ełk;hosp_54;1;2026-04-17T06:43:35.542Z
dept_54_2;Oddział Neurochirurgiczny;Zabiegowy;118 SZPITAL WOJSKOWY Z PRZYCHODNIĄ SAMODZIELNY PUBLICZNY ZAKŁAD OPIEKI ZDROWOTNEJ W EŁKU;Ełk;hosp_54;1;2026-04-17T06:43:35.542Z
dept_54_3;Oddział Chirurgii Naczyniowej;Zabiegowy;118 SZPITAL WOJSKOWY Z PRZYCHODNIĄ SAMODZIELNY PUBLICZNY ZAKŁAD OPIEKI ZDROWOTNEJ W EŁKU;Ełk;hosp_54;1;2026-04-17T06:43:35.542Z
dept_54_4;Blok operacyjny;Zabiegowy;118 SZPITAL WOJSKOWY Z PRZYCHODNIĄ SAMODZIELNY PUBLICZNY ZAKŁAD OPIEKI ZDROWOTNEJ W EŁKU;Ełk;hosp_54;1;2026-04-17T06:43:35.542Z
dept_54_5;Sterylizatornia;Zabiegowy;118 SZPITAL WOJSKOWY Z PRZYCHODNIĄ SAMODZIELNY PUBLICZNY ZAKŁAD OPIEKI ZDROWOTNEJ W EŁKU;Ełk;hosp_54;2;2026-04-17T06:43:35.542Z
dept_55_1;Oddział Chirurgii Ogólnej;Zabiegowy;GIŻYCKA OCHRONA ZDROWIA SPÓŁKA Z OGRANICZONĄ ODPOWIEDZIALNOŚCIĄ;Giżycko;hosp_55;1;2026-04-16T06:43:35.542Z
dept_55_2;Oddział Urologiczny;Zabiegowy;GIŻYCKA OCHRONA ZDROWIA SPÓŁKA Z OGRANICZONĄ ODPOWIEDZIALNOŚCIĄ;Giżycko;hosp_55;1;2026-04-16T06:43:35.542Z
dept_55_3;Blok operacyjny;Zabiegowy;GIŻYCKA OCHRONA ZDROWIA SPÓŁKA Z OGRANICZONĄ ODPOWIEDZIALNOŚCIĄ;Giżycko;hosp_55;1;2026-04-16T06:43:35.542Z
dept_55_4;Sterylizatornia;Zabiegowy;GIŻYCKA OCHRONA ZDROWIA SPÓŁKA Z OGRANICZONĄ ODPOWIEDZIALNOŚCIĄ;Giżycko;hosp_55;1;2026-04-16T06:43:35.542Z
dept_56_1;Oddział Chirurgii Ogólnej-Hospitalizacja Jednodniowa;Zabiegowy;GOLDMEDICA SPÓŁKA Z OGRANICZONĄ ODPOWIEDZIALNOŚCIĄ;Gołdap;hosp_56;0;2026-04-15T06:43:35.542Z
dept_56_2;Blok operacyjny;Zabiegowy;GOLDMEDICA SPÓŁKA Z OGRANICZONĄ ODPOWIEDZIALNOŚCIĄ;Gołdap;hosp_56;0;2026-04-15T06:43:35.542Z
dept_56_3;Sterylizatornia;Zabiegowy;GOLDMEDICA SPÓŁKA Z OGRANICZONĄ ODPOWIEDZIALNOŚCIĄ;Gołdap;hosp_56;0;2026-04-15T06:43:35.542Z
dept_57_1;Oddział Chirurgiczny Ogólny;Zabiegowy;POWIATOWY SZPITAL IM. WŁADYSŁAWA BIEGAŃSKIEGO W IŁAWIE;Iława;hosp_57;0;2026-04-14T06:43:35.542Z
dept_57_2;Blok operacyjny;Zabiegowy;POWIATOWY SZPITAL IM. WŁADYSŁAWA BIEGAŃSKIEGO W IŁAWIE;Iława;hosp_57;0;2026-04-14T06:43:35.542Z
dept_57_3;Sterylizatornia;Zabiegowy;POWIATOWY SZPITAL IM. WŁADYSŁAWA BIEGAŃSKIEGO W IŁAWIE;Iława;hosp_57;0;2026-04-14T06:43:35.542Z
dept_58_1;Oddział Chirurgii Ogólnej;Zabiegowy;SZPITAL POWIATOWY W KĘTRZYNIE;Kętrzyn;hosp_58;0;2026-04-13T06:43:35.542Z
dept_58_2;Blok operacyjny;Zabiegowy;SZPITAL POWIATOWY W KĘTRZYNIE;Kętrzyn;hosp_58;0;2026-04-13T06:43:35.542Z
dept_58_3;Sterylizatornia;Zabiegowy;SZPITAL POWIATOWY W KĘTRZYNIE;Kętrzyn;hosp_58;0;2026-04-13T06:43:35.542Z
dept_59_1;Oddział Chirurgiczny Ogólny;Zabiegowy;SZPITAL MIEJSKI W MORĄGU SPÓŁKA Z OGRANICZONĄ ODPOWIEDZIALNOŚCIĄ;Morąg;hosp_59;0;2026-04-12T06:43:35.542Z
dept_59_2;Blok operacyjny;Zabiegowy;SZPITAL MIEJSKI W MORĄGU SPÓŁKA Z OGRANICZONĄ ODPOWIEDZIALNOŚCIĄ;Morąg;hosp_59;0;2026-04-12T06:43:35.542Z
dept_59_3;Sterylizatornia;Zabiegowy;SZPITAL MIEJSKI W MORĄGU SPÓŁKA Z OGRANICZONĄ ODPOWIEDZIALNOŚCIĄ;Morąg;hosp_59;0;2026-04-12T06:43:35.542Z
dept_5_1;Oddział Chirurgiczny;Zabiegowy;SAMODZIELNY PUBLICZNY ZESPÓŁ OPIEKI ZDROWOTNEJ W HRUBIESZOWIE;Hrubieszów;hosp_5;0;2026-05-06T06:43:35.542Z
dept_5_2;Blok operacyjny;Zabiegowy;SAMODZIELNY PUBLICZNY ZESPÓŁ OPIEKI ZDROWOTNEJ W HRUBIESZOWIE;Hrubieszów;hosp_5;0;2026-05-06T06:43:35.542Z
dept_5_3;Sterylizatornia;Zabiegowy;SAMODZIELNY PUBLICZNY ZESPÓŁ OPIEKI ZDROWOTNEJ W HRUBIESZOWIE;Hrubieszów;hosp_5;0;2026-05-06T06:43:35.542Z
dept_60_1;Oddział Chirurgiczny;Zabiegowy;SZPITAL MRĄGOWSKI IM. MICHAŁA KAJKI SPÓŁKA Z OGRANICZONĄ ODPOWIEDZIALNOŚCIĄ;Mrągowo;hosp_60;0;2026-04-11T06:43:35.542Z
dept_60_2;Blok operacyjny;Zabiegowy;SZPITAL MRĄGOWSKI IM. MICHAŁA KAJKI SPÓŁKA Z OGRANICZONĄ ODPOWIEDZIALNOŚCIĄ;Mrągowo;hosp_60;0;2026-04-11T06:43:35.542Z
dept_60_3;Sterylizatornia;Zabiegowy;SZPITAL MRĄGOWSKI IM. MICHAŁA KAJKI SPÓŁKA Z OGRANICZONĄ ODPOWIEDZIALNOŚCIĄ;Mrągowo;hosp_60;0;2026-04-11T06:43:35.542Z
dept_61_1;Oddział Chirurgiczny Ogólny;Zabiegowy;ZESPÓŁ OPIEKI ZDROWOTNEJ W NIDZICY;Nidzica;hosp_61;0;2026-05-10T06:43:35.542Z
dept_61_2;Blok operacyjny;Zabiegowy;ZESPÓŁ OPIEKI ZDROWOTNEJ W NIDZICY;Nidzica;hosp_61;0;2026-05-10T06:43:35.542Z
dept_61_3;Sterylizatornia;Zabiegowy;ZESPÓŁ OPIEKI ZDROWOTNEJ W NIDZICY;Nidzica;hosp_61;0;2026-05-10T06:43:35.542Z
dept_62_1;Oddział Chirurgiczny;Zabiegowy;SZPITAL POWIATOWY W NOWYM MIEŚCIE LUBAWSKIM SPÓŁKA Z OGRANICZONĄ ODPOWIEDZIALNOŚCIĄ;Nowe Miasto Lubawskie;hosp_62;0;2026-05-09T06:43:35.542Z
dept_62_2;Blok operacyjny;Zabiegowy;SZPITAL POWIATOWY W NOWYM MIEŚCIE LUBAWSKIM SPÓŁKA Z OGRANICZONĄ ODPOWIEDZIALNOŚCIĄ;Nowe Miasto Lubawskie;hosp_62;0;2026-05-09T06:43:35.542Z
dept_62_3;Sterylizatornia;Zabiegowy;SZPITAL POWIATOWY W NOWYM MIEŚCIE LUBAWSKIM SPÓŁKA Z OGRANICZONĄ ODPOWIEDZIALNOŚCIĄ;Nowe Miasto Lubawskie;hosp_62;0;2026-05-09T06:43:35.542Z
dept_63_1;Oddział Chirurgiczny;Zabiegowy;"""OLMEDICA W OLECKU - SPÓŁKA Z OGRANICZONĄ ODPOWIEDZIALNOŚCIĄ""";Olecko;hosp_63;0;2026-05-08T06:43:35.542Z
dept_63_2;Blok operacyjny;Zabiegowy;"""OLMEDICA W OLECKU - SPÓŁKA Z OGRANICZONĄ ODPOWIEDZIALNOŚCIĄ""";Olecko;hosp_63;0;2026-05-08T06:43:35.542Z
dept_63_3;Sterylizatornia;Zabiegowy;"""OLMEDICA W OLECKU - SPÓŁKA Z OGRANICZONĄ ODPOWIEDZIALNOŚCIĄ""";Olecko;hosp_63;0;2026-05-08T06:43:35.542Z
dept_64_1;Oddział Chirurgii Ogólnej;Zabiegowy;MIEJSKI SZPITAL ZESPOLONY W OLSZTYNIE;Olsztyn;hosp_64;0;2026-05-07T06:43:35.542Z
dept_64_2;Oddział Urologii i Onkologii Urologicznej;Zabiegowy;MIEJSKI SZPITAL ZESPOLONY W OLSZTYNIE;Olsztyn;hosp_64;1;2026-05-07T06:43:35.542Z
dept_64_3;Blok operacyjny;Zabiegowy;MIEJSKI SZPITAL ZESPOLONY W OLSZTYNIE;Olsztyn;hosp_64;0;2026-05-07T06:43:35.542Z
dept_64_4;Sterylizatornia;Zabiegowy;MIEJSKI SZPITAL ZESPOLONY W OLSZTYNIE;Olsztyn;hosp_64;0;2026-05-07T06:43:35.542Z
dept_65_1;Klinika Chirurgii Onkologicznej;Zabiegowy;SZPITAL KLINICZNY MINISTERSTWA SPRAW WEWNĘTRZNYCH I ADMINISTRACJI Z WARMIŃSKO-MAZURSKIM CENTRUM ONKOLOGII W OLSZTYNIE;Olsztyn;hosp_65;1;2026-05-06T06:43:35.542Z
dept_65_2;Klinika Urologii i Onkologii Urologicznej;Zabiegowy;SZPITAL KLINICZNY MINISTERSTWA SPRAW WEWNĘTRZNYCH I ADMINISTRACJI Z WARMIŃSKO-MAZURSKIM CENTRUM ONKOLOGII W OLSZTYNIE;Olsztyn;hosp_65;1;2026-05-06T06:43:35.542Z
dept_65_3;Oddział Kliniczny Chirurgii Ogólnej z Pododdziałem Chorób Piersi;Zabiegowy;SZPITAL KLINICZNY MINISTERSTWA SPRAW WEWNĘTRZNYCH I ADMINISTRACJI Z WARMIŃSKO-MAZURSKIM CENTRUM ONKOLOGII W OLSZTYNIE;Olsztyn;hosp_65;1;2026-05-06T06:43:35.542Z
dept_65_4;Blok operacyjny;Zabiegowy;SZPITAL KLINICZNY MINISTERSTWA SPRAW WEWNĘTRZNYCH I ADMINISTRACJI Z WARMIŃSKO-MAZURSKIM CENTRUM ONKOLOGII W OLSZTYNIE;Olsztyn;hosp_65;0;2026-05-06T06:43:35.542Z
dept_65_5;Sterylizatornia;Zabiegowy;SZPITAL KLINICZNY MINISTERSTWA SPRAW WEWNĘTRZNYCH I ADMINISTRACJI Z WARMIŃSKO-MAZURSKIM CENTRUM ONKOLOGII W OLSZTYNIE;Olsztyn;hosp_65;0;2026-05-06T06:43:35.542Z
dept_66_1;Klinika Chirurgii Onkologicznej i Ogólnej z Pododdziałem Urologicznym;Zabiegowy;UNIWERSYTECKI SZPITAL KLINICZNY W OLSZNIE;Olsztyn;hosp_66;0;2026-05-05T06:43:35.542Z
dept_66_2;Klinika Neurochirurgii;Zabiegowy;UNIWERSYTECKI SZPITAL KLINICZNY W OLSZNIE;Olsztyn;hosp_66;0;2026-05-05T06:43:35.542Z
dept_66_3;Blok operacyjny;Zabiegowy;UNIWERSYTECKI SZPITAL KLINICZNY W OLSZNIE;Olsztyn;hosp_66;0;2026-05-05T06:43:35.542Z
dept_66_4;Sterylizatornia;Zabiegowy;UNIWERSYTECKI SZPITAL KLINICZNY W OLSZNIE;Olsztyn;hosp_66;0;2026-05-05T06:43:35.542Z
dept_67_1;Oddział Chirurgii Klatki Piersiowej;Zabiegowy;WARMIŃSKO-MAZURSKIE CENTRUM CHORÓB PŁUC W OLSZTYNIE;Olsztyn;hosp_67;0;2026-05-04T06:43:35.542Z
dept_67_2;Blok operacyjny;Zabiegowy;WARMIŃSKO-MAZURSKIE CENTRUM CHORÓB PŁUC W OLSZTYNIE;Olsztyn;hosp_67;0;2026-05-04T06:43:35.542Z
dept_67_3;Sterylizatornia;Zabiegowy;WARMIŃSKO-MAZURSKIE CENTRUM CHORÓB PŁUC W OLSZTYNIE;Olsztyn;hosp_67;0;2026-05-04T06:43:35.542Z
dept_68_1;Oddział Kliniczny Chirurgii i Urologii Dziecięcej z Ośrodkiem Leczenia Zmian Naczyniowych;Zabiegowy;WOJEWÓDZKI SPECJALISTYCZNY SZPITAL DZIECIĘCY IM. PROF. DR STANISŁAWA POPOWSKIEGO W OLSZTYNIE;Olsztyn;hosp_68;0;2026-05-03T06:43:35.542Z
dept_68_2;Blok operacyjny;Zabiegowy;WOJEWÓDZKI SPECJALISTYCZNY SZPITAL DZIECIĘCY IM. PROF. DR STANISŁAWA POPOWSKIEGO W OLSZTYNIE;Olsztyn;hosp_68;0;2026-05-03T06:43:35.542Z
dept_68_3;Sterylizatornia;Zabiegowy;WOJEWÓDZKI SPECJALISTYCZNY SZPITAL DZIECIĘCY IM. PROF. DR STANISŁAWA POPOWSKIEGO W OLSZTYNIE;Olsztyn;hosp_68;0;2026-05-03T06:43:35.542Z
dept_69_1;Oddział Chirurgiczny Ogólny;Zabiegowy;WOJEWÓDZKI SZPITAL SPECJALISTYCZNY W OLSZTYNIE;Olsztyn;hosp_69;0;2026-05-02T06:43:35.542Z
dept_69_2;Oddział Chirurgii Plastycznej;Zabiegowy;WOJEWÓDZKI SZPITAL SPECJALISTYCZNY W OLSZTYNIE;Olsztyn;hosp_69;1;2026-05-02T06:43:35.542Z
dept_69_3;Oddział Kardiochirurgiczny;Zabiegowy;WOJEWÓDZKI SZPITAL SPECJALISTYCZNY W OLSZTYNIE;Olsztyn;hosp_69;0;2026-05-02T06:43:35.542Z
dept_69_4;Oddział Kliniczny Chirurgii Naczyniowej;Zabiegowy;WOJEWÓDZKI SZPITAL SPECJALISTYCZNY W OLSZTYNIE;Olsztyn;hosp_69;0;2026-05-02T06:43:35.542Z
dept_69_5;Oddział Neurochirurgiczny;Zabiegowy;WOJEWÓDZKI SZPITAL SPECJALISTYCZNY W OLSZTYNIE;Olsztyn;hosp_69;3;2026-05-02T06:43:35.542Z
dept_69_6;Oddział Transplantologiczny;Zabiegowy;WOJEWÓDZKI SZPITAL SPECJALISTYCZNY W OLSZTYNIE;Olsztyn;hosp_69;0;2026-05-02T06:43:35.542Z
dept_69_7;Blok operacyjny;Zabiegowy;WOJEWÓDZKI SZPITAL SPECJALISTYCZNY W OLSZTYNIE;Olsztyn;hosp_69;0;2026-05-02T06:43:35.542Z
dept_69_8;Sterylizatornia;Zabiegowy;WOJEWÓDZKI SZPITAL SPECJALISTYCZNY W OLSZTYNIE;Olsztyn;hosp_69;0;2026-05-02T06:43:35.542Z
dept_6_1;Oddział Chirurgii Ogólnej;Zabiegowy;SAMODZIELNY PUBLICZNY ZESPÓŁ ZAKŁADÓW OPIEKI ZDROWOTNEJ W JANOWIE LUBELSKIM;Janów Lubelski;hosp_6;0;2026-05-05T06:43:35.542Z
dept_6_2;Blok operacyjny;Zabiegowy;SAMODZIELNY PUBLICZNY ZESPÓŁ ZAKŁADÓW OPIEKI ZDROWOTNEJ W JANOWIE LUBELSKIM;Janów Lubelski;hosp_6;0;2026-05-05T06:43:35.542Z
dept_6_3;Sterylizatornia;Zabiegowy;SAMODZIELNY PUBLICZNY ZESPÓŁ ZAKŁADÓW OPIEKI ZDROWOTNEJ W JANOWIE LUBELSKIM;Janów Lubelski;hosp_6;0;2026-05-05T06:43:35.542Z
dept_70_1;Oddział Chirurgii Ogólnej z Pododdziałem Urologii;Zabiegowy;SZPITAL W OSTRÓDZIE SPÓŁKA AKCYJNA;Ostróda;hosp_70;0;2026-05-01T06:43:35.542Z
dept_70_2;Blok operacyjny;Zabiegowy;SZPITAL W OSTRÓDZIE SPÓŁKA AKCYJNA;Ostróda;hosp_70;0;2026-05-01T06:43:35.542Z
dept_70_3;Sterylizatornia;Zabiegowy;SZPITAL W OSTRÓDZIE SPÓŁKA AKCYJNA;Ostróda;hosp_70;0;2026-05-01T06:43:35.542Z
dept_71_1;Oddział Chirurgii Ogólnej;Zabiegowy;SAMODZIELNY PUBLICZNY ZAKŁAD OPIEKI ZDROWOTNEJ SZPITAL POWIATOWY W PISZU;Pisz;hosp_71;1;2026-04-30T06:43:35.542Z
dept_71_2;Blok operacyjny;Zabiegowy;SAMODZIELNY PUBLICZNY ZAKŁAD OPIEKI ZDROWOTNEJ SZPITAL POWIATOWY W PISZU;Pisz;hosp_71;0;2026-04-30T06:43:35.542Z
dept_71_3;Sterylizatornia;Zabiegowy;SAMODZIELNY PUBLICZNY ZAKŁAD OPIEKI ZDROWOTNEJ SZPITAL POWIATOWY W PISZU;Pisz;hosp_71;0;2026-04-30T06:43:35.542Z
dept_72_1;Oddział Chirurgiczny z Pododdziałem Urazowo-Ortopedycznym;Zabiegowy;ZESPÓŁ OPIEKI ZDROWOTNEJ W SZCZYTNIE;Szczytno;hosp_72;0;2026-04-29T06:43:35.542Z
dept_72_2;Blok operacyjny;Zabiegowy;ZESPÓŁ OPIEKI ZDROWOTNEJ W SZCZYTNIE;Szczytno;hosp_72;0;2026-04-29T06:43:35.542Z
dept_72_3;Sterylizatornia;Zabiegowy;ZESPÓŁ OPIEKI ZDROWOTNEJ W SZCZYTNIE;Szczytno;hosp_72;0;2026-04-29T06:43:35.542Z
dept_73_1;Oddział Chirurgiczny Ogólny;Zabiegowy;SAMODZIELNY PUBLICZNY ZESPÓŁ ZAKŁADÓW OPIEKI ZDROWOTNEJ W ŻUROMINIE;Żuromin;hosp_73;0;2026-04-28T06:43:35.542Z
dept_73_2;Blok operacyjny;Zabiegowy;SAMODZIELNY PUBLICZNY ZESPÓŁ ZAKŁADÓW OPIEKI ZDROWOTNEJ W ŻUROMINIE;Żuromin;hosp_73;0;2026-04-28T06:43:35.542Z
dept_73_3;Sterylizatornia;Zabiegowy;SAMODZIELNY PUBLICZNY ZESPÓŁ ZAKŁADÓW OPIEKI ZDROWOTNEJ W ŻUROMINIE;Żuromin;hosp_73;0;2026-04-28T06:43:35.542Z
dept_74_1;Oddział Chirurgiczny Ogólny z Pododdziałem Chirurgii Urazowo-Ortopedycznej;Zabiegowy;SAMODZIELNY PUBLICZNY ZAKŁAD OPIEKI ZDROWOTNEJ W MŁAWIE;Mława;hosp_74;0;2026-04-27T06:43:35.542Z
dept_74_2;Blok operacyjny;Zabiegowy;SAMODZIELNY PUBLICZNY ZAKŁAD OPIEKI ZDROWOTNEJ W MŁAWIE;Mława;hosp_74;0;2026-04-27T06:43:35.542Z
dept_74_3;Sterylizatornia;Zabiegowy;SAMODZIELNY PUBLICZNY ZAKŁAD OPIEKI ZDROWOTNEJ W MŁAWIE;Mława;hosp_74;0;2026-04-27T06:43:35.542Z
dept_75_1;Oddział Chirurgii Ogólnej, Onkologicznej i Bariatrycznej;Zabiegowy;SPECJALISTYCZNY SZPITAL WOJEWÓDZKI W CIECHANOWIE;Ciechanów;hosp_75;2;2026-04-26T06:43:35.542Z
dept_75_2;Oddział Chirurgii Dziecięcej;Zabiegowy;SPECJALISTYCZNY SZPITAL WOJEWÓDZKI W CIECHANOWIE;Ciechanów;hosp_75;2;2026-04-26T06:43:35.542Z
dept_75_3;Oddział Urologiczny;Zabiegowy;SPECJALISTYCZNY SZPITAL WOJEWÓDZKI W CIECHANOWIE;Ciechanów;hosp_75;3;2026-04-26T06:43:35.542Z
dept_75_4;Blok operacyjny;Zabiegowy;SPECJALISTYCZNY SZPITAL WOJEWÓDZKI W CIECHANOWIE;Ciechanów;hosp_75;2;2026-04-26T06:43:35.542Z
dept_75_5;Sterylizatornia;Zabiegowy;SPECJALISTYCZNY SZPITAL WOJEWÓDZKI W CIECHANOWIE;Ciechanów;hosp_75;3;2026-04-26T06:43:35.542Z
dept_76_1;Oddział Chirurgii Ogólnej;Zabiegowy;SZPITAL POWIATOWY GAJDA-MED SPÓŁKA Z OGRANICZONĄ ODPOWIEDZIALNOŚCIĄ;Pułtusk;hosp_76;0;2026-04-25T06:43:35.542Z
dept_76_2;Blok operacyjny;Zabiegowy;SZPITAL POWIATOWY GAJDA-MED SPÓŁKA Z OGRANICZONĄ ODPOWIEDZIALNOŚCIĄ;Pułtusk;hosp_76;0;2026-04-25T06:43:35.542Z
dept_76_3;Sterylizatornia;Zabiegowy;SZPITAL POWIATOWY GAJDA-MED SPÓŁKA Z OGRANICZONĄ ODPOWIEDZIALNOŚCIĄ;Pułtusk;hosp_76;0;2026-04-25T06:43:35.542Z
dept_77_1;Oddział Chirurgiczny;Zabiegowy;SAMODZIELNY PUBLICZNY ZESPÓŁ ZAKŁADÓW OPIEKI ZDROWOTNEJ W PRZASNYSZU;Przasnysz;hosp_77;1;2026-04-24T06:43:35.542Z
dept_77_2;Pododdział Urologiczny;Zabiegowy;SAMODZIELNY PUBLICZNY ZESPÓŁ ZAKŁADÓW OPIEKI ZDROWOTNEJ W PRZASNYSZU;Przasnysz;hosp_77;1;2026-04-24T06:43:35.542Z
dept_77_3;Blok operacyjny;Zabiegowy;SAMODZIELNY PUBLICZNY ZESPÓŁ ZAKŁADÓW OPIEKI ZDROWOTNEJ W PRZASNYSZU;Przasnysz;hosp_77;0;2026-04-24T06:43:35.542Z
dept_77_4;Sterylizatornia;Zabiegowy;SAMODZIELNY PUBLICZNY ZESPÓŁ ZAKŁADÓW OPIEKI ZDROWOTNEJ W PRZASNYSZU;Przasnysz;hosp_77;0;2026-04-24T06:43:35.542Z
dept_78_1;Oddział Chirurgii Ogólnej;Zabiegowy;SAMODZIELNY PUBLICZNY ZAKŁAD OPIEKI ZDROWOTNEJ - ZESPÓŁ ZAKŁADÓW W MAKOWIE MAZOWIECKIM;Maków Mazowiecki;hosp_78;0;2026-04-23T06:43:35.542Z
dept_78_2;Blok operacyjny;Zabiegowy;SAMODZIELNY PUBLICZNY ZAKŁAD OPIEKI ZDROWOTNEJ - ZESPÓŁ ZAKŁADÓW W MAKOWIE MAZOWIECKIM;Maków Mazowiecki;hosp_78;0;2026-04-23T06:43:35.542Z
dept_78_3;Sterylizatornia;Zabiegowy;SAMODZIELNY PUBLICZNY ZAKŁAD OPIEKI ZDROWOTNEJ - ZESPÓŁ ZAKŁADÓW W MAKOWIE MAZOWIECKIM;Maków Mazowiecki;hosp_78;0;2026-04-23T06:43:35.542Z
dept_79_1;Oddział Urologiczny;Zabiegowy;MAZOWIECKI SZPITAL SPECJALISTYCZNY IM. DR JÓZEFA PSARSKIEGO W OSTROŁĘCE;Ostrołęka;hosp_79;2;2026-04-22T06:43:35.542Z
dept_79_2;Pododdział Chirurgii Naczyniowej;Zabiegowy;MAZOWIECKI SZPITAL SPECJALISTYCZNY IM. DR JÓZEFA PSARSKIEGO W OSTROŁĘCE;Ostrołęka;hosp_79;1;2026-04-22T06:43:35.542Z
dept_79_3;Oddział Chirurgii Ogólnej Im Dr Jerzego Olszewskiego;Zabiegowy;MAZOWIECKI SZPITAL SPECJALISTYCZNY IM. DR JÓZEFA PSARSKIEGO W OSTROŁĘCE;Ostrołęka;hosp_79;1;2026-04-22T06:43:35.542Z
dept_79_4;Pododdział Chirurgii Onkologicznej;Zabiegowy;MAZOWIECKI SZPITAL SPECJALISTYCZNY IM. DR JÓZEFA PSARSKIEGO W OSTROŁĘCE;Ostrołęka;hosp_79;0;2026-04-22T06:43:35.542Z
dept_79_5;Blok operacyjny;Zabiegowy;MAZOWIECKI SZPITAL SPECJALISTYCZNY IM. DR JÓZEFA PSARSKIEGO W OSTROŁĘCE;Ostrołęka;hosp_79;1;2026-04-22T06:43:35.542Z
dept_79_6;Sterylizatornia;Zabiegowy;MAZOWIECKI SZPITAL SPECJALISTYCZNY IM. DR JÓZEFA PSARSKIEGO W OSTROŁĘCE;Ostrołęka;hosp_79;1;2026-04-22T06:43:35.542Z
dept_7_1;Oddział Chirurgiczny Ogólny;Zabiegowy;SAMODZIELNY PUBLICZNY ZESPÓŁ OPIEKI ZDROWOTNEJ W KRASNYMSTAWIE;Krasnystaw;hosp_7;0;2026-05-04T06:43:35.542Z
dept_7_2;Oddział Urologiczny;Zabiegowy;SAMODZIELNY PUBLICZNY ZESPÓŁ OPIEKI ZDROWOTNEJ W KRASNYMSTAWIE;Krasnystaw;hosp_7;0;2026-05-04T06:43:35.542Z
dept_7_3;Blok operacyjny;Zabiegowy;SAMODZIELNY PUBLICZNY ZESPÓŁ OPIEKI ZDROWOTNEJ W KRASNYMSTAWIE;Krasnystaw;hosp_7;0;2026-05-04T06:43:35.542Z
dept_7_4;Sterylizatornia;Zabiegowy;SAMODZIELNY PUBLICZNY ZESPÓŁ OPIEKI ZDROWOTNEJ W KRASNYMSTAWIE;Krasnystaw;hosp_7;0;2026-05-04T06:43:35.542Z
dept_80_1;Oddział Chirurgii Ogólnej;Zabiegowy;SAMODZIELNY PUBLICZNY ZESPÓŁ ZAKŁADÓW OPIEKI ZDROWOTNEJ W OSTROWI MAZOWIECKIEJ;Ostrów Mazowiecka;hosp_80;0;2026-04-21T06:43:35.542Z
dept_80_2;Blok operacyjny;Zabiegowy;SAMODZIELNY PUBLICZNY ZESPÓŁ ZAKŁADÓW OPIEKI ZDROWOTNEJ W OSTROWI MAZOWIECKIEJ;Ostrów Mazowiecka;hosp_80;0;2026-04-21T06:43:35.542Z
dept_80_3;Sterylizatornia;Zabiegowy;SAMODZIELNY PUBLICZNY ZESPÓŁ ZAKŁADÓW OPIEKI ZDROWOTNEJ W OSTROWI MAZOWIECKIEJ;Ostrów Mazowiecka;hosp_80;0;2026-04-21T06:43:35.542Z
dept_81_1;Oddział Chirurgiczny Ogólny;Zabiegowy;SAMODZIELNY PUBLICZNY ZESPÓŁ ZAKŁADÓW OPIEKI ZDROWOTNEJ W WYSZKOWIE;Wyszków;hosp_81;0;2026-04-20T06:43:35.542Z
dept_81_2;Blok operacyjny;Zabiegowy;SAMODZIELNY PUBLICZNY ZESPÓŁ ZAKŁADÓW OPIEKI ZDROWOTNEJ W WYSZKOWIE;Wyszków;hosp_81;0;2026-04-20T06:43:35.542Z
dept_81_3;Sterylizatornia;Zabiegowy;SAMODZIELNY PUBLICZNY ZESPÓŁ ZAKŁADÓW OPIEKI ZDROWOTNEJ W WYSZKOWIE;Wyszków;hosp_81;0;2026-04-20T06:43:35.542Z
dept_82_1;Oddział Chirurgiczny Ogólny;Zabiegowy;SAMODZIELNY PUBLICZNY ZAKŁAD OPIEKI ZDROWOTNEJ W WĘGROWIE;Węgrów;hosp_82;0;2026-04-19T06:43:35.542Z
dept_82_2;Blok operacyjny;Zabiegowy;SAMODZIELNY PUBLICZNY ZAKŁAD OPIEKI ZDROWOTNEJ W WĘGROWIE;Węgrów;hosp_82;0;2026-04-19T06:43:35.542Z
dept_82_3;Sterylizatornia;Zabiegowy;SAMODZIELNY PUBLICZNY ZAKŁAD OPIEKI ZDROWOTNEJ W WĘGROWIE;Węgrów;hosp_82;0;2026-04-19T06:43:35.542Z
dept_83_1;Oddział Chirurgiczny Ogólny;Zabiegowy;SAMODZIELNY PUBLICZNY ZAKŁAD OPIEKI ZDROWOTNEJ W SOKOŁOWIE PODLASKIM;Sokołów Podlaski;hosp_83;0;2026-04-18T06:43:35.542Z
dept_83_2;Blok operacyjny;Zabiegowy;SAMODZIELNY PUBLICZNY ZAKŁAD OPIEKI ZDROWOTNEJ W SOKOŁOWIE PODLASKIM;Sokołów Podlaski;hosp_83;0;2026-04-18T06:43:35.542Z
dept_83_3;Sterylizatornia;Zabiegowy;SAMODZIELNY PUBLICZNY ZAKŁAD OPIEKI ZDROWOTNEJ W SOKOŁOWIE PODLASKIM;Sokołów Podlaski;hosp_83;0;2026-04-18T06:43:35.542Z
dept_84_1;Oddział Chirurgii i Traumatologii Dziecięcej;Zabiegowy;MAZOWIECKI SZPITAL WOJEWÓDZKI IM. ŚW. JANA PAWŁA II W SIEDLCACH SP. Z O.O.;Siedlce;hosp_84;2;2026-04-17T06:43:35.542Z
dept_84_10;Blok operacyjny;Zabiegowy;MAZOWIECKI SZPITAL WOJEWÓDZKI IM. ŚW. JANA PAWŁA II W SIEDLCACH SP. Z O.O.;Siedlce;hosp_84;1;2026-04-17T06:43:35.542Z
dept_84_2;Oddział Chirurgii Ogólnej i Naczyniowej;Zabiegowy;MAZOWIECKI SZPITAL WOJEWÓDZKI IM. ŚW. JANA PAWŁA II W SIEDLCACH SP. Z O.O.;Siedlce;hosp_84;2;2026-04-17T06:43:35.542Z
dept_84_3;Oddział Urologii i Onkologii Urologicznej;Zabiegowy;MAZOWIECKI SZPITAL WOJEWÓDZKI IM. ŚW. JANA PAWŁA II W SIEDLCACH SP. Z O.O.;Siedlce;hosp_84;2;2026-04-17T06:43:35.542Z
dept_84_4;Pododdział Chirurgii Naczyniowej;Zabiegowy;MAZOWIECKI SZPITAL WOJEWÓDZKI IM. ŚW. JANA PAWŁA II W SIEDLCACH SP. Z O.O.;Siedlce;hosp_84;0;2026-04-17T06:43:35.542Z
dept_84_5;Oddział Chirurgii Onkologicznej;Zabiegowy;MAZOWIECKI SZPITAL WOJEWÓDZKI IM. ŚW. JANA PAWŁA II W SIEDLCACH SP. Z O.O.;Siedlce;hosp_84;0;2026-04-17T06:43:35.542Z
dept_84_6;Radiologia;Diagnostyczny;MAZOWIECKI SZPITAL WOJEWÓDZKI IM. ŚW. JANA PAWŁA II W SIEDLCACH SP. Z O.O.;Siedlce;hosp_84;0;2026-04-17T06:43:35.542Z
dept_84_7;Sterylizatornia;Zabiegowy;MAZOWIECKI SZPITAL WOJEWÓDZKI IM. ŚW. JANA PAWŁA II W SIEDLCACH SP. Z O.O.;Siedlce;hosp_84;4;2026-04-17T06:43:35.542Z
dept_84_8;Urologia;Zabiegowy;MAZOWIECKI SZPITAL WOJEWÓDZKI IM. ŚW. JANA PAWŁA II W SIEDLCACH SP. Z O.O.;Siedlce;hosp_84;0;2026-04-17T06:43:35.542Z
dept_84_9;Zaopatrzenie (Administracja);Zabiegowy;MAZOWIECKI SZPITAL WOJEWÓDZKI IM. ŚW. JANA PAWŁA II W SIEDLCACH SP. Z O.O.;Siedlce;hosp_84;0;2026-04-17T06:43:35.542Z
dept_85_1;Oddział Chirurgii Ogólnej;Zabiegowy;SAMODZIELNY PUBLICZNY ZAKŁAD OPIEKI ZDROWOTNEJ W SIEDLCACH;Siedlce;hosp_85;0;2026-04-16T06:43:35.542Z
dept_85_2;Blok operacyjny;Zabiegowy;SAMODZIELNY PUBLICZNY ZAKŁAD OPIEKI ZDROWOTNEJ W SIEDLCACH;Siedlce;hosp_85;1;2026-04-16T06:43:35.542Z
dept_85_3;Sterylizatornia;Zabiegowy;SAMODZIELNY PUBLICZNY ZAKŁAD OPIEKI ZDROWOTNEJ W SIEDLCACH;Siedlce;hosp_85;0;2026-04-16T06:43:35.542Z
dept_86_1;Chirurgia klatki piersiowej;Zabiegowy;CENTRALNY SZPITAL KLINICZNY MSWIA W WARSZAWIE;Warszawa;hosp_86;0;2026-04-15T06:43:35.542Z
dept_86_2;Kardiochirurgia;Zabiegowy;CENTRALNY SZPITAL KLINICZNY MSWIA W WARSZAWIE;Warszawa;hosp_86;0;2026-04-15T06:43:35.542Z
dept_86_3;Chirurgia naczyniowa;Zabiegowy;CENTRALNY SZPITAL KLINICZNY MSWIA W WARSZAWIE;Warszawa;hosp_86;0;2026-04-15T06:43:35.542Z
dept_86_4;Blok operacyjny;Zabiegowy;CENTRALNY SZPITAL KLINICZNY MSWIA W WARSZAWIE;Warszawa;hosp_86;0;2026-04-15T06:43:35.542Z
dept_86_5;Sterylizatornia;Zabiegowy;CENTRALNY SZPITAL KLINICZNY MSWIA W WARSZAWIE;Warszawa;hosp_86;0;2026-04-15T06:43:35.542Z
dept_87_1;Kardiochirurgia;Zabiegowy;UNIWERSYTECKIE CENTRUM KLINICZNE GDAŃSK;Gdańsk;hosp_87;2;2026-04-14T06:43:35.542Z
dept_87_2;Sterylizatornia;Zabiegowy;UNIWERSYTECKIE CENTRUM KLINICZNE GDAŃSK;Gdańsk;hosp_87;2;2026-04-14T06:43:35.542Z
dept_87_3;Blok operacyjny;Zabiegowy;UNIWERSYTECKIE CENTRUM KLINICZNE GDAŃSK;Gdańsk;hosp_87;0;2026-04-14T06:43:35.542Z
dept_87_4;Administracja;Zabiegowy;UNIWERSYTECKIE CENTRUM KLINICZNE GDAŃSK;Gdańsk;hosp_87;1;2026-04-14T06:43:35.542Z
dept_87_5;Chirurgia klatki piersiowej;Zabiegowy;UNIWERSYTECKI CENTRUM KLINICZNE GDAŃSK;Gdańsk;hosp_87;1;2026-04-14T06:43:35.542Z
dept_8_1;Oddział Chirurgii Ogólnej z Pododdziałem Chirurgii Endoskopowej;Zabiegowy;SAMODZIELNY PUBLICZNY ZAKŁAD OPIEKI ZDROWOTNEJ W KRAŚNIKU;Kraśnik;hosp_8;0;2026-05-03T06:43:35.542Z
dept_8_2;Blok operacyjny;Zabiegowy;SAMODZIELNY PUBLICZNY ZAKŁAD OPIEKI ZDROWOTNEJ W KRAŚNIKU;Kraśnik;hosp_8;0;2026-05-03T06:43:35.542Z
dept_8_3;Sterylizatornia;Zabiegowy;SAMODZIELNY PUBLICZNY ZAKŁAD OPIEKI ZDROWOTNEJ W KRAŚNIKU;Kraśnik;hosp_8;0;2026-05-03T06:43:35.542Z
dept_9_1;Oddział Chirurgiczny Ogólny z Pododdziałem Urologicznym;Zabiegowy;SAMODZIELNY PUBLICZNY ZAKŁAD OPIEKI ZDROWOTNEJ W LUBARTOWIE;Lubartów;hosp_9;0;2026-05-02T06:43:35.542Z
dept_9_2;Oddział Urologiczny;Zabiegowy;SAMODZIELNY PUBLICZNY ZAKŁAD OPIEKI ZDROWOTNEJ W LUBARTOWIE;Lubartów;hosp_9;0;2026-05-02T06:43:35.542Z
dept_9_3;Blok operacyjny;Zabiegowy;SAMODZIELNY PUBLICZNY ZAKŁAD OPIEKI ZDROWOTNEJ W LUBARTOWIE;Lubartów;hosp_9;0;2026-05-02T06:43:35.542Z
dept_9_4;Sterylizatornia;Zabiegowy;SAMODZIELNY PUBLICZNY ZAKŁAD OPIEKI ZDROWOTNEJ W LUBARTOWIE;Lubartów;hosp_9;0;2026-05-02T10:15:55.739Z
dept_hosp_1_cardiac_surgery;Kardiochirurgia;Zabiegowy;SAMODZIELNY PUBLICZNY ZAKŁAD OPIEKI ZDROWOTNEJ NR 1 W BEŁŻYCACH;Bełżyce;hosp_1;1;2026-07-20T15:40:00
dept_hosp_1_thoracic_surgery;Chirurgia Klatki Piersiowej;Zabiegowy;SAMODZIELNY PUBLICZNY ZAKŁAD OPIEKI ZDROWOTNEJ NR 1 W BEŁŻYCACH;Bełżyce;hosp_1;1;2026-07-20T17:10:00
dept_hosp_28_hospital_pharmacy;Apteka Szpitalna;Diagnostyczny;SAMODZIELNY PUBLICZNY ZAKŁAD OPIEKI ZDROWOTNEJ W AUGUSTOWIE;Augustów;hosp_28;1;2026-05-10T13:00:00
dept_hosp_29_oncology;Oddział Onkologiczny;Zabiegowy;BIAŁOSTOCKIE CENTRUM ONKOLOGII IM. M. SKŁODOWSKIEJ-CURIE W BIAŁYMSTOKU;Białystok;hosp_29;1;2026-08-11T14:10:00
dept_hosp_29_transplant_surgery;Oddział Chirurgii Ogólnej;Zabiegowy;BIAŁOSTOCKIE CENTRUM ONKOLOGII IM. M. SKŁODOWSKIEJ-CURIE W BIAŁYMSTOKU;Białystok;hosp_29;1;2026-05-20T13:00:00
dept_hosp_30_urology;Oddział Urologiczny;Zabiegowy;NIEPUBLICZNY ZAKŁAD OPIEKI ZDROWOTNEJ HUMANA MEDICA OMEDA;Białystok;hosp_30;1;2026-08-12T13:20:00
dept_hosp_34_administration;Administracja;Diagnostyczny;UNIWERSYTECKI SZPITAL KLINICZNY W BIAŁYMSTOKU;Białystok;hosp_34;3;2026-05-16T11:00:00
dept_hosp_34_vascular_surgery;Oddział Chirurgii Naczyniowej;Zabiegowy;UNIWERSYTECKI SZPITAL KLINICZNY W BIAŁYMSTOKU;Białystok;hosp_34;1;2026-05-16T10:00:00
dept_hosp_52_gynecology;Oddział Chirurgii Ogólnej;Zabiegowy;WOJEWÓDZKI SZPITAL ZESPOLONY W ELBLĄGU;Elbląg;hosp_52;1;2026-05-29T13:00:00
dept_hosp_53_urology;Oddział Urologiczny;Zabiegowy;"""PRO-MEDICA"" W EŁKU SPÓŁKA Z OGRANICZONĄ ODPOWIEDZIALNOŚCIĄ";Ełk;hosp_53;1;2026-06-25T13:10:00
dept_hosp_54_oncology;Oddział Onkologiczny;Zabiegowy;118 SZPITAL WOJSKOWY Z PRZYCHODNIĄ SAMODZIELNY PUBLICZNY ZAKŁAD OPIEKI ZDROWOTNEJ W EŁKU;Ełk;hosp_54;1;2026-06-02T13:00:00
dept_hosp_84_pediatric_surgery;Oddział Chirurgii Ogólnej;Zabiegowy;MAZOWIECKI SZPITAL WOJEWÓDZKI IM. ŚW. JANA PAWŁA II W SIEDLCACH SP. Z O.O.;Siedlce;hosp_84;2;2026-08-13T15:00:00
